Date,Open,High,Low,Close,Adj Close,Volume
2013-01-02,8.93,8.95,8.51,8.54,8.54,4875000
2013-01-03,8.65,8.93,8.54,8.77,8.77,5051200
2013-01-04,8.9,8.96,8.71,8.8,8.8,3799700
2013-01-07,8.88,8.89,8.46,8.64,8.64,3773900
2013-01-08,8.65,8.78,8.58,8.76,8.76,2932200
2013-01-09,8.77,8.84,8.43,8.57,8.57,3837800
2013-01-10,8.57,8.59,7.98,8.26,8.26,9120500
2013-01-11,8.4,8.45,8.26,8.33,8.33,2971100
2013-01-14,8.29,8.36,8.12,8.23,8.23,3852000
2013-01-15,8.24,8.46,8.17,8.43,8.43,3062800
2013-01-16,8.39,9.25,8.26,8.91,8.91,13110900
2013-01-17,9.13,9.24,8.84,8.87,8.87,5618300
2013-01-18,9.0,9.04,8.85,9.02,9.02,3086900
2013-01-22,9.14,9.14,8.8,8.93,8.93,4399900
2013-01-23,8.92,8.94,8.71,8.9,8.9,4053900
2013-01-24,8.85,9.0,8.81,8.93,8.93,3329600
2013-01-25,8.93,8.95,8.8,8.83,8.83,1811500
2013-01-28,8.92,8.92,8.81,8.88,8.88,1841500
2013-01-29,8.89,8.9,8.77,8.85,8.85,1682100
2013-01-30,8.8,8.9,8.71,8.76,8.76,2316800
2013-01-31,8.72,8.76,8.57,8.6,8.6,2126400
2013-02-01,8.6,8.79,8.48,8.76,8.76,2040000
2013-02-04,8.74,8.87,8.66,8.79,8.79,2200900
2013-02-05,8.81,9.0,8.8,8.95,8.95,2427700
2013-02-06,8.92,9.04,8.87,9.04,9.04,1816500
2013-02-07,9.05,9.18,8.93,9.15,9.15,2370600
2013-02-08,9.13,9.25,9.12,9.21,9.21,1770800
2013-02-11,9.25,9.25,9.02,9.13,9.13,2847500
2013-02-12,9.13,9.2,9.04,9.11,9.11,2040800
2013-02-13,9.12,9.49,9.12,9.47,9.47,2984300
2013-02-14,9.48,9.55,9.35,9.47,9.47,1855000
2013-02-15,9.55,9.68,9.4,9.42,9.42,2123200
2013-02-19,9.47,9.61,9.33,9.4,9.4,2229900
2013-02-20,9.38,9.39,8.88,8.98,8.98,2696000
2013-02-21,8.98,9.13,8.61,8.78,8.78,3272400
2013-02-22,8.85,9.2,8.8,9.18,9.18,2406100
2013-02-25,9.25,9.31,9.11,9.15,9.15,2323500
2013-02-26,9.15,9.18,8.9,8.95,8.95,2583300
2013-02-27,9.01,9.35,9.01,9.34,9.34,2938800
2013-02-28,9.5,9.59,9.23,9.55,9.55,4552600
2013-03-01,9.5,9.84,9.38,9.82,9.82,3915600
2013-03-04,10.0,10.33,9.96,10.28,10.28,7367200
2013-03-05,10.58,10.63,10.06,10.22,10.22,9893000
2013-03-06,9.89,10.0,9.56,9.75,9.75,7968100
2013-03-07,9.83,10.0,9.73,9.9,9.9,3473400
2013-03-08,9.98,9.98,9.7,9.77,9.77,2540700
2013-03-11,9.71,9.78,9.31,9.63,9.63,3623500
2013-03-12,9.64,9.71,9.53,9.58,9.58,2137000
2013-03-13,9.55,9.64,9.47,9.52,9.52,1458800
2013-03-14,9.5,9.54,9.17,9.26,9.26,3696400
2013-03-15,9.3,9.31,9.15,9.21,9.21,2667500
2013-03-18,9.18,9.44,8.98,9.37,9.37,2476600
2013-03-19,9.33,9.64,9.26,9.42,9.42,2627400
2013-03-20,9.45,9.69,9.45,9.66,9.66,2101000
2013-03-21,9.72,9.77,9.46,9.49,9.49,1816000
2013-03-22,9.51,9.55,9.34,9.41,9.41,1497000
2013-03-25,9.45,9.55,9.15,9.2,9.2,2543300
2013-03-26,9.18,9.3,9.02,9.21,9.21,2893500
2013-03-27,9.14,9.19,9.04,9.09,9.09,1747500
2013-03-28,9.06,9.14,8.96,9.0,9.0,2392000
2013-04-01,8.97,9.02,8.7,8.73,8.73,3526700
2013-04-02,8.72,8.82,8.6,8.74,8.74,2200300
2013-04-03,8.71,8.72,8.43,8.55,8.55,3158200
2013-04-04,8.45,8.6,8.25,8.59,8.59,2236400
2013-04-05,8.45,8.6,8.41,8.6,8.6,1170800
2013-04-08,8.56,8.64,8.43,8.6,8.6,1295400
2013-04-09,8.6,8.7,8.58,8.64,8.64,1803100
2013-04-10,8.68,8.94,8.56,8.89,8.89,2431400
2013-04-11,8.95,9.2,8.91,9.09,9.09,3039500
2013-04-12,9.1,9.23,8.97,9.04,9.04,1532000
2013-04-15,8.97,8.99,8.54,8.62,8.62,2011300
2013-04-16,8.75,8.8,8.61,8.64,8.64,1433000
2013-04-17,8.62,8.66,8.38,8.49,8.49,1534700
2013-04-18,8.74,8.75,8.52,8.63,8.63,1773400
2013-04-19,8.7,8.72,8.56,8.63,8.63,1385300
2013-04-22,8.64,8.68,8.48,8.64,8.64,1013300
2013-04-23,8.65,8.67,8.5,8.55,8.55,1332600
2013-04-24,8.52,8.63,8.49,8.6,8.6,851900
2013-04-25,8.63,8.9,8.63,8.85,8.85,1677400
2013-04-26,8.86,8.9,8.67,8.71,8.71,1030600
2013-04-29,8.71,8.9,8.71,8.84,8.84,1450700
2013-04-30,9.0,9.04,8.73,8.78,8.78,1701500
2013-05-01,8.78,8.8,8.53,8.58,8.58,1688200
2013-05-02,8.59,8.73,8.58,8.69,8.69,1200000
2013-05-03,8.78,8.78,8.67,8.74,8.74,1047500
2013-05-06,8.73,8.94,8.71,8.85,8.85,1617900
2013-05-07,8.86,8.93,8.75,8.87,8.87,1081100
2013-05-08,8.89,8.9,8.77,8.81,8.81,765400
2013-05-09,8.79,8.9,8.75,8.77,8.77,700800
2013-05-10,8.75,8.87,8.71,8.86,8.86,1071300
2013-05-13,8.82,8.91,8.75,8.83,8.83,737400
2013-05-14,8.8,9.05,8.77,9.01,9.01,1431800
2013-05-15,9.0,9.21,8.95,9.14,9.14,1290100
2013-05-16,9.1,9.18,9.01,9.13,9.13,959400
2013-05-17,9.13,9.27,9.1,9.18,9.18,1414900
2013-05-20,9.18,9.23,9.1,9.19,9.19,1114000
2013-05-21,9.17,9.27,9.14,9.21,9.21,1104400
2013-05-22,9.21,9.25,8.83,8.97,8.97,2051000
2013-05-23,8.81,9.14,8.72,9.09,9.09,1336100
2013-05-24,9.04,9.11,8.92,9.08,9.08,803300
2013-05-28,9.15,9.24,9.04,9.13,9.13,1277400
2013-05-29,9.07,9.11,8.91,8.95,8.95,1106100
2013-05-30,9.0,9.16,8.9,9.14,9.14,1080900
2013-05-31,9.08,9.24,9.05,9.11,9.11,922300
2013-06-03,9.12,9.24,9.0,9.22,9.22,1070800
2013-06-04,9.2,9.37,9.06,9.22,9.22,1622900
2013-06-05,9.18,9.2,9.02,9.07,9.07,1214900
2013-06-06,9.05,9.21,9.03,9.21,9.21,897600
2013-06-07,9.23,9.25,9.1,9.21,9.21,849200
2013-06-10,9.2,9.27,9.15,9.24,9.24,739800
2013-06-11,9.14,9.24,9.09,9.15,9.15,1138000
2013-06-12,9.17,9.26,9.08,9.09,9.09,1117900
2013-06-13,9.11,9.31,9.09,9.3,9.3,1568000
2013-06-14,9.77,9.92,9.61,9.78,9.78,7179000
2013-06-17,9.86,9.9,9.62,9.74,9.74,3261900
2013-06-18,9.72,9.88,9.66,9.85,9.85,1711000
2013-06-19,9.8,10.03,9.8,10.0,10.0,2264300
2013-06-20,9.9,9.96,9.71,9.87,9.87,2094300
2013-06-21,9.89,9.94,9.61,9.64,9.64,2339800
2013-06-24,9.54,9.73,9.46,9.63,9.63,2152200
2013-06-25,9.79,10.0,9.75,9.99,9.99,5153000
2013-06-26,9.99,10.0,9.5,9.78,9.78,4644300
2013-06-27,9.85,10.1,9.81,10.1,10.1,3655200
2013-06-28,10.01,10.1,9.96,9.98,9.98,3082300
2013-07-01,10.12,10.32,10.05,10.22,10.22,2659000
2013-07-02,10.29,10.45,9.89,9.97,9.97,4021800
2013-07-03,9.98,10.23,9.97,10.09,10.09,1263200
2013-07-05,10.13,10.25,10.02,10.25,10.25,2050000
2013-07-08,10.26,10.35,10.25,10.33,10.33,2094600
2013-07-09,10.36,10.55,10.36,10.54,10.54,3104500
2013-07-10,10.55,10.75,10.44,10.62,10.62,2710500
2013-07-11,10.85,10.93,10.73,10.84,10.84,2408000
2013-07-12,10.82,11.0,10.81,10.98,10.98,1486000
2013-07-15,11.02,11.4,10.98,11.31,11.31,3125800
2013-07-16,11.38,11.38,11.04,11.11,11.11,2211400
2013-07-17,11.14,11.24,11.08,11.14,11.14,1200600
2013-07-18,11.19,11.27,11.13,11.16,11.16,1278400
2013-07-19,11.09,11.23,11.01,11.02,11.02,1372900
2013-07-22,11.01,11.09,10.84,10.86,10.86,2248600
2013-07-23,10.9,11.05,10.85,10.89,10.89,1490600
2013-07-24,10.9,11.24,10.9,11.1,11.1,1676700
2013-07-25,11.07,11.11,10.99,11.09,11.09,887700
2013-07-26,11.0,11.11,10.97,11.07,11.07,905900
2013-07-29,11.18,11.21,11.03,11.07,11.07,1237900
2013-07-30,11.08,11.55,11.06,11.47,11.47,3370600
2013-07-31,11.5,11.96,11.47,11.84,11.84,2684500
2013-08-01,12.0,12.22,11.84,12.17,12.17,2359000
2013-08-02,12.17,12.64,12.02,12.45,12.45,3003000
2013-08-05,12.52,13.28,12.48,13.23,13.23,4597300
2013-08-06,13.31,13.38,12.32,12.47,12.47,5042900
2013-08-07,12.46,12.94,12.37,12.58,12.58,3313300
2013-08-08,12.68,12.83,12.36,12.39,12.39,2583200
2013-08-09,12.35,12.55,12.22,12.27,12.27,2323800
2013-08-12,12.16,12.54,12.11,12.46,12.46,1682900
2013-08-13,12.5,12.5,12.23,12.27,12.27,1386800
2013-08-14,12.25,12.27,12.11,12.18,12.18,1450000
2013-08-15,11.84,11.85,10.95,11.22,11.22,6457600
2013-08-16,11.29,11.62,11.23,11.24,11.24,2507900
2013-08-19,11.24,11.29,10.96,10.97,10.97,2923200
2013-08-20,10.97,11.38,10.97,11.34,11.34,2984400
2013-08-21,11.3,11.33,11.07,11.08,11.08,2135900
2013-08-22,11.08,11.33,11.07,11.26,11.26,1155100
2013-08-23,11.29,11.32,11.09,11.21,11.21,1067700
2013-08-26,11.21,11.3,10.99,11.02,11.02,1892900
2013-08-27,10.93,11.17,10.8,11.0,11.0,1820700
2013-08-28,11.01,11.09,10.7,10.8,10.8,2551100
2013-08-29,10.79,11.09,10.79,11.05,11.05,2015300
2013-08-30,11.05,11.13,10.9,10.94,10.94,1546200
2013-09-03,11.07,11.14,10.98,11.04,11.04,1918000
2013-09-04,11.0,11.17,10.98,11.09,11.09,2424100
2013-09-05,11.15,11.54,11.02,11.48,11.48,4015300
2013-09-06,10.85,11.04,10.25,10.31,10.31,8826500
2013-09-09,10.43,10.79,10.43,10.64,10.64,4310600
2013-09-10,10.69,10.84,10.6,10.63,10.63,2885000
2013-09-11,10.57,10.84,10.54,10.83,10.83,1914900
2013-09-12,10.78,11.08,10.75,10.97,10.97,2328500
2013-09-13,10.98,11.27,10.98,11.21,11.21,1972800
2013-09-16,11.32,11.37,10.94,11.05,11.05,3399800
2013-09-17,11.07,11.42,11.07,11.4,11.4,3087400
2013-09-18,11.37,11.53,11.15,11.46,11.46,2422200
2013-09-19,11.52,11.72,11.43,11.63,11.63,2599500
2013-09-20,11.7,11.77,11.43,11.6,11.6,2301600
2013-09-23,11.53,11.63,11.27,11.6,11.6,1735500
2013-09-24,11.6,11.67,11.38,11.6,11.6,2195900
2013-09-25,11.53,11.62,11.39,11.41,11.41,1416000
2013-09-26,11.46,11.5,11.21,11.28,11.28,1403700
2013-09-27,11.19,11.29,11.11,11.23,11.23,1242400
2013-09-30,11.06,11.2,10.91,10.99,10.99,1494100
2013-10-01,11.01,11.21,10.96,11.2,11.2,1296100
2013-10-02,11.08,11.13,10.92,10.97,10.97,1202500
2013-10-03,10.98,11.0,10.71,10.81,10.81,1989200
2013-10-04,10.79,10.83,10.66,10.72,10.72,1650000
2013-10-07,10.68,10.75,10.44,10.49,10.49,1551000
2013-10-08,10.59,10.63,10.33,10.34,10.34,1282400
2013-10-09,10.36,10.59,10.34,10.51,10.51,2281700
2013-10-10,10.69,10.85,10.64,10.84,10.84,1606900
2013-10-11,10.85,11.26,10.8,11.26,11.26,2625600
2013-10-14,11.12,11.19,10.98,11.15,11.15,1114200
2013-10-15,11.16,11.17,11.01,11.12,11.12,963700
2013-10-16,11.12,11.25,11.0,11.06,11.06,1133700
2013-10-17,11.08,11.46,11.05,11.3,11.3,1382900
2013-10-18,11.38,11.42,11.15,11.22,11.22,1321400
2013-10-21,11.22,11.24,11.07,11.08,11.08,981100
2013-10-22,11.09,11.2,10.9,10.92,10.92,1354300
2013-10-23,10.9,11.15,10.86,11.12,11.12,1227600
2013-10-24,11.07,11.07,10.65,10.82,10.82,1829600
2013-10-25,10.84,10.87,10.57,10.62,10.62,1396800
2013-10-28,10.59,10.65,10.5,10.58,10.58,1129300
2013-10-29,10.6,10.83,10.56,10.83,10.83,987000
2013-10-30,10.83,10.96,10.82,10.89,10.89,949400
2013-10-31,10.86,10.9,10.67,10.79,10.79,1456900
2013-11-01,10.85,10.98,10.76,10.98,10.98,1011400
2013-11-04,11.01,11.25,11.01,11.23,11.23,2046300
2013-11-05,11.25,11.39,11.12,11.35,11.35,1157100
2013-11-06,11.43,11.48,11.01,11.38,11.38,1143700
2013-11-07,11.4,11.42,11.09,11.16,11.16,977300
2013-11-08,11.14,11.22,11.02,11.17,11.17,1069200
2013-11-11,11.12,11.42,11.07,11.39,11.39,807000
2013-11-12,11.42,11.45,11.22,11.42,11.42,757900
2013-11-13,11.3,11.39,11.22,11.27,11.27,1299200
2013-11-14,11.25,11.29,11.04,11.15,11.15,1319300
2013-11-15,11.17,11.18,11.08,11.15,11.15,1059500
2013-11-18,11.17,11.31,11.16,11.24,11.24,1205500
2013-11-19,11.23,11.35,11.03,11.12,11.12,1402100
2013-11-20,11.13,11.24,11.09,11.19,11.19,735700
2013-11-21,11.25,11.88,11.22,11.84,11.84,2584600
2013-11-22,11.75,11.99,11.67,11.97,11.97,1669100
2013-11-25,11.97,11.99,11.75,11.84,11.84,1495000
2013-11-26,11.78,11.87,11.69,11.75,11.75,1102800
2013-11-27,11.81,11.96,11.75,11.93,11.93,871100
2013-11-29,11.92,11.96,11.76,11.82,11.82,513900
2013-12-02,11.78,11.81,11.33,11.43,11.43,1586100
2013-12-03,11.36,11.75,11.35,11.66,11.66,1736800
2013-12-04,11.62,11.8,11.53,11.6,11.6,1546900
2013-12-05,11.94,12.22,11.86,11.98,11.98,2055200
2013-12-06,12.06,12.36,12.02,12.21,12.21,1466700
2013-12-09,12.3,12.48,12.15,12.2,12.2,1851400
2013-12-10,12.1,12.2,11.86,12.12,12.12,2877700
2013-12-11,12.72,12.98,12.37,12.6,12.6,5055000
2013-12-12,12.6,12.8,12.39,12.58,12.58,2306300
2013-12-13,12.5,12.59,12.08,12.37,12.37,1633500
2013-12-16,12.58,12.64,12.3,12.52,12.52,1813600
2013-12-17,12.56,12.93,12.56,12.76,12.76,1896300
2013-12-18,12.8,12.92,12.75,12.86,12.86,1617100
2013-12-19,12.87,12.91,12.74,12.78,12.78,1364900
2013-12-20,12.84,12.96,12.74,12.93,12.93,2087700
2013-12-23,12.95,13.44,12.95,13.35,13.35,1866500
2013-12-24,13.37,13.44,13.15,13.26,13.26,490500
2013-12-26,13.28,13.42,13.15,13.33,13.33,718400
2013-12-27,13.3,13.31,13.15,13.21,13.21,758500
2013-12-30,13.18,13.52,13.15,13.46,13.46,1101800
2013-12-31,13.46,13.52,13.4,13.49,13.49,857100
2014-01-02,13.56,13.87,13.49,13.58,13.58,1541400
2014-01-03,13.75,13.75,13.24,13.43,13.43,1377600
2014-01-06,13.45,13.52,13.3,13.31,13.31,983700
2014-01-07,13.32,13.83,13.16,13.75,13.75,1503300
2014-01-08,13.94,14.34,13.79,14.26,14.26,2419100
2014-01-09,14.42,15.14,14.38,14.96,14.96,4497600
2014-01-10,15.02,15.27,14.77,14.99,14.99,1776600
2014-01-13,14.98,15.56,14.71,14.8,14.8,2327800
2014-01-14,14.77,15.14,14.77,14.95,14.95,1093800
2014-01-15,15.0,15.07,14.67,14.89,14.89,1260300
2014-01-16,14.81,15.04,14.76,14.82,14.82,979700
2014-01-17,14.85,14.86,14.07,14.28,14.28,1765900
2014-01-21,14.48,14.83,14.25,14.38,14.38,1585500
2014-01-22,14.34,14.35,14.07,14.21,14.21,1000500
2014-01-23,14.13,14.24,13.84,13.92,13.92,1177800
2014-01-24,13.59,13.75,13.18,13.44,13.44,1768700
2014-01-27,13.48,13.5,13.02,13.21,13.21,1023800
2014-01-28,13.26,13.39,13.1,13.26,13.26,761500
2014-01-29,13.19,13.21,12.85,12.97,12.97,1040000
2014-01-30,12.68,13.44,12.68,13.15,13.15,1184900
2014-01-31,13.0,13.19,12.84,13.09,13.09,930800
2014-02-03,13.09,13.09,12.5,12.61,12.61,1153900
2014-02-04,12.67,12.9,12.54,12.54,12.54,916400
2014-02-05,12.51,12.54,12.02,12.32,12.32,873900
2014-02-06,12.33,12.59,12.17,12.21,12.21,1027600
2014-02-07,12.22,12.59,12.22,12.52,12.52,1449700
2014-02-10,12.36,12.83,12.35,12.75,12.75,1410300
2014-02-11,12.8,12.96,12.65,12.86,12.86,1258700
2014-02-12,12.9,12.94,12.56,12.64,12.64,1251700
2014-02-13,12.33,12.68,12.19,12.53,12.53,2531200
2014-02-14,12.49,12.78,12.43,12.64,12.64,817400
2014-02-18,12.65,12.79,12.49,12.57,12.57,926200
2014-02-19,12.51,12.58,12.34,12.34,12.34,1041100
2014-02-20,12.57,12.69,12.19,12.53,12.53,1940800
2014-02-21,12.6,12.64,12.25,12.52,12.52,2240800
2014-02-24,12.57,12.64,12.13,12.14,12.14,1819500
2014-02-25,12.11,12.41,12.03,12.31,12.31,1749500
2014-02-26,12.26,12.29,11.31,11.59,11.59,5240300
2014-02-27,11.59,11.83,11.42,11.77,11.77,1440300
2014-02-28,11.82,11.93,11.5,11.5,11.5,1739600
2014-03-03,11.54,11.72,11.39,11.62,11.62,1294000
2014-03-04,11.81,11.93,11.63,11.8,11.8,3529200
2014-03-05,13.28,14.27,13.28,13.74,13.74,12673200
2014-03-06,13.84,13.87,13.3,13.64,13.64,2711100
2014-03-07,13.67,13.88,13.62,13.79,13.79,1881100
2014-03-10,13.8,14.71,13.75,14.2,14.2,3279000
2014-03-11,14.3,14.34,13.77,13.83,13.83,2150700
2014-03-12,13.7,14.02,13.61,13.98,13.98,1316000
2014-03-13,13.97,14.19,13.65,13.71,13.71,1513400
2014-03-14,13.62,13.97,13.6,13.92,13.92,1072400
2014-03-17,14.0,14.13,13.8,13.83,13.83,1273300
2014-03-18,13.85,14.05,13.7,14.02,14.02,1194000
2014-03-19,14.0,14.02,13.76,13.88,13.88,1149300
2014-03-20,13.87,13.99,13.79,13.88,13.88,1637800
2014-03-21,13.89,13.95,13.57,13.85,13.85,2702300
2014-03-24,13.84,13.96,13.72,13.82,13.82,1404000
2014-03-25,13.92,14.24,13.92,14.01,14.01,1341200
2014-03-26,14.04,14.49,14.03,14.12,14.12,1600000
2014-03-27,14.1,14.13,13.9,14.0,14.0,1019500
2014-03-28,14.21,14.49,14.1,14.33,14.33,1273700
2014-03-31,14.4,14.85,14.31,14.62,14.62,2103200
2014-04-01,14.66,14.83,14.56,14.76,14.76,1013500
2014-04-02,14.79,14.9,14.52,14.89,14.89,1722800
2014-04-03,14.91,15.03,14.57,14.78,14.78,2501100
2014-04-04,14.82,15.09,14.63,14.93,14.93,2275000
2014-04-07,14.94,14.97,14.61,14.65,14.65,2105000
2014-04-08,14.64,14.85,14.31,14.82,14.82,1524100
2014-04-09,14.87,14.95,14.52,14.61,14.61,1244800
2014-04-10,14.66,14.75,14.06,14.16,14.16,1256500
2014-04-11,14.09,14.15,13.65,13.91,13.91,1416500
2014-04-14,14.02,14.28,13.82,14.11,14.11,900400
2014-04-15,14.23,14.36,13.85,14.16,14.16,1253700
2014-04-16,14.29,14.41,13.98,14.39,14.39,1217900
2014-04-17,14.31,14.4,14.19,14.2,14.2,575700
2014-04-21,14.21,14.45,14.02,14.27,14.27,742400
2014-04-22,14.25,14.35,14.12,14.26,14.26,609300
2014-04-23,14.23,14.64,14.23,14.46,14.46,793000
2014-04-24,14.53,14.62,14.21,14.27,14.27,829100
2014-04-25,14.21,14.25,13.88,14.03,14.03,998600
2014-04-28,14.12,14.99,14.11,14.9,14.9,2185900
2014-04-29,14.86,15.7,14.76,15.21,15.21,2315400
2014-04-30,15.47,15.47,15.02,15.35,15.35,1283800
2014-05-01,15.38,15.93,15.3,15.89,15.89,2506400
2014-05-02,15.87,16.200001,15.78,15.88,15.88,2436900
2014-05-05,16.07,16.09,15.4,15.48,15.48,1351500
2014-05-06,15.46,15.51,15.0,15.12,15.12,1512400
2014-05-07,15.18,15.42,15.01,15.4,15.4,1004700
2014-05-08,15.44,15.71,15.25,15.48,15.48,1253000
2014-05-09,15.37,15.67,15.36,15.56,15.56,839100
2014-05-12,15.66,16.15,15.66,16.01,16.01,1337900
2014-05-13,15.96,15.99,15.55,15.58,15.58,1068700
2014-05-14,15.48,15.59,15.25,15.28,15.28,1143900
2014-05-15,15.23,15.25,14.73,15.16,15.16,1473500
2014-05-16,15.12,15.29,15.02,15.25,15.25,722900
2014-05-19,15.27,15.55,15.04,15.08,15.08,1233200
2014-05-20,15.46,15.79,15.0,15.18,15.18,2448700
2014-05-21,15.28,15.37,15.02,15.25,15.25,977300
2014-05-22,15.21,15.31,15.08,15.23,15.23,881400
2014-05-23,15.27,15.39,15.08,15.37,15.37,737300
2014-05-27,15.5,15.78,15.22,15.37,15.37,1339000
2014-05-28,15.35,15.66,15.33,15.61,15.61,1072300
2014-05-29,15.71,15.84,15.54,15.75,15.75,892800
2014-05-30,15.85,16.17,15.77,15.88,15.88,1293900
2014-06-02,15.99,16.379998999999998,15.86,16.299999,16.299999,1814100
2014-06-03,16.23,16.610001,16.209999,16.51,16.51,1735500
2014-06-04,16.43,16.610001,16.27,16.379998999999998,16.379998999999998,1392000
2014-06-05,16.42,16.610001,16.01,16.6,16.6,1318200
2014-06-06,16.66,16.700001,16.370001000000002,16.68,16.68,887200
2014-06-09,16.84,16.969998999999998,16.639999,16.809998999999998,16.809998999999998,1157400
2014-06-10,16.889999,17.17,16.85,17.139999,17.139999,1272300
2014-06-11,17.0,17.280001000000002,17.0,17.07,17.07,1014200
2014-06-12,17.120001000000002,17.17,16.68,16.93,16.93,969100
2014-06-13,16.99,16.99,16.49,16.620001000000002,16.620001000000002,993100
2014-06-16,16.530001000000002,16.82,16.5,16.67,16.67,820000
2014-06-17,16.67,16.73,16.5,16.65,16.65,854900
2014-06-18,16.6,16.860001,16.549999,16.83,16.83,938400
2014-06-19,17.059998999999998,17.25,16.75,17.0,17.0,2691700
2014-06-20,15.52,15.56,15.01,15.52,15.52,7826000
2014-06-23,15.43,15.71,15.12,15.3,15.3,2782200
2014-06-24,15.15,15.29,14.86,14.89,14.89,3356500
2014-06-25,14.79,15.12,14.58,14.97,14.97,1855900
2014-06-26,14.91,14.95,14.58,14.62,14.62,1451400
2014-06-27,14.55,14.65,14.34,14.39,14.39,2296200
2014-06-30,14.13,14.71,14.11,14.54,14.54,2359800
2014-07-01,14.59,14.82,14.5,14.59,14.59,1401900
2014-07-02,14.62,14.69,14.37,14.47,14.47,2363400
2014-07-03,14.56,14.7,14.43,14.59,14.59,468300
2014-07-07,14.56,14.59,14.05,14.12,14.12,1532100
2014-07-08,14.06,14.18,13.53,13.6,13.6,2117700
2014-07-09,13.65,13.91,13.65,13.72,13.72,1207400
2014-07-10,13.5,13.61,13.3,13.42,13.42,1061100
2014-07-11,13.36,13.42,13.18,13.34,13.34,952400
2014-07-14,13.41,13.62,13.4,13.53,13.53,1261700
2014-07-15,13.47,13.59,13.36,13.38,13.38,1275900
2014-07-16,13.45,13.69,13.34,13.53,13.53,1412800
2014-07-17,13.4,13.67,13.37,13.54,13.54,1406800
2014-07-18,13.5,13.67,13.35,13.6,13.6,1267500
2014-07-21,13.54,13.81,13.41,13.73,13.73,904000
2014-07-22,13.8,13.87,13.66,13.72,13.72,895900
2014-07-23,13.74,13.99,13.57,13.9,13.9,1015400
2014-07-24,13.96,14.05,13.73,13.8,13.8,716000
2014-07-25,13.68,13.76,13.61,13.66,13.66,783800
2014-07-28,13.67,13.82,13.55,13.57,13.57,1233500
2014-07-29,13.56,13.68,13.34,13.36,13.36,878900
2014-07-30,13.18,13.19,12.75,12.91,12.91,2264900
2014-07-31,12.81,12.93,12.32,12.35,12.35,2715700
2014-08-01,12.3,12.49,12.13,12.27,12.27,1294200
2014-08-04,12.33,12.59,12.33,12.47,12.47,877800
2014-08-05,12.41,12.59,12.31,12.41,12.41,478100
2014-08-06,12.31,12.72,12.31,12.64,12.64,761900
2014-08-07,12.71,12.84,12.54,12.54,12.54,870300
2014-08-08,12.51,12.63,12.45,12.59,12.59,842500
2014-08-11,12.67,12.83,12.52,12.63,12.63,626700
2014-08-12,12.6,12.65,12.47,12.52,12.52,582900
2014-08-13,12.6,12.8,12.52,12.72,12.72,631800
2014-08-14,12.69,13.06,12.69,12.94,12.94,904900
2014-08-15,13.04,13.09,12.79,12.92,12.92,987400
2014-08-18,13.0,13.09,12.93,13.0,13.0,675300
2014-08-19,12.98,13.31,12.98,13.23,13.23,800900
2014-08-20,13.23,13.34,13.02,13.19,13.19,724100
2014-08-21,13.2,13.22,12.82,12.9,12.9,1301600
2014-08-22,12.95,13.09,12.78,12.98,12.98,1208600
2014-08-25,13.09,13.43,13.05,13.12,13.12,895100
2014-08-26,13.35,13.35,12.88,13.1,13.1,2674200
2014-08-27,11.56,11.91,11.26,11.32,11.32,11955900
2014-08-28,11.43,11.43,11.1,11.12,11.12,3120900
2014-08-29,11.11,11.16,11.0,11.07,11.07,1922600
2014-09-02,11.1,11.18,10.94,11.05,11.05,1591900
2014-09-03,11.04,11.05,10.68,10.76,10.76,3049300
2014-09-04,10.78,10.93,10.69,10.7,10.7,1828000
2014-09-05,10.65,10.68,10.42,10.47,10.47,2315100
2014-09-08,10.43,10.59,10.31,10.38,10.38,1690000
2014-09-09,10.33,10.41,10.16,10.16,10.16,1550900
2014-09-10,10.12,10.25,9.9,10.24,10.24,2078700
2014-09-11,10.22,10.63,10.17,10.57,10.57,3038300
2014-09-12,10.57,10.6,10.33,10.37,10.37,1366900
2014-09-15,10.37,10.39,10.15,10.27,10.27,849000
2014-09-16,10.22,10.33,10.08,10.1,10.1,1073900
2014-09-17,10.09,10.28,10.05,10.06,10.06,895000
2014-09-18,10.06,10.08,9.93,10.04,10.04,997200
2014-09-19,10.05,10.15,9.68,9.8,9.8,1994500
2014-09-22,9.76,9.86,9.66,9.68,9.68,1348700
2014-09-23,9.64,9.67,9.4,9.41,9.41,1482700
2014-09-24,9.4,9.71,9.37,9.67,9.67,1043400
2014-09-25,9.62,9.64,9.35,9.42,9.42,964200
2014-09-26,9.45,9.75,9.44,9.68,9.68,1043500
2014-09-29,9.5,9.74,9.48,9.71,9.71,786800
2014-09-30,9.74,9.76,9.44,9.44,9.44,898700
2014-10-01,9.43,9.45,9.23,9.34,9.34,1405200
2014-10-02,9.33,9.52,9.33,9.48,9.48,1016900
2014-10-03,9.6,9.64,9.48,9.54,9.54,806900
2014-10-06,9.57,9.62,9.3,9.35,9.35,1270300
2014-10-07,9.3,9.37,9.12,9.12,9.12,732100
2014-10-08,9.09,9.42,9.03,9.41,9.41,1276400
2014-10-09,9.4,9.51,9.25,9.33,9.33,1203400
2014-10-10,9.29,9.53,9.12,9.3,9.3,1375200
2014-10-13,9.28,9.39,9.15,9.18,9.18,895700
2014-10-14,9.27,9.64,9.27,9.44,9.44,1251300
2014-10-15,9.29,9.66,9.19,9.53,9.53,1704500
2014-10-16,9.45,9.99,9.32,9.86,9.86,1479100
2014-10-17,10.08,10.27,9.87,10.14,10.14,1946200
2014-10-20,10.15,10.33,10.08,10.3,10.3,1089400
2014-10-21,10.35,10.39,10.21,10.39,10.39,895000
2014-10-22,10.42,10.44,10.2,10.22,10.22,779300
2014-10-23,10.22,10.39,9.84,9.89,9.89,1673000
2014-10-24,9.88,10.32,9.85,10.26,10.26,1159700
2014-10-27,10.24,10.24,9.91,9.93,9.93,678400
2014-10-28,9.97,10.31,9.95,10.2,10.2,1226800
2014-10-29,10.33,10.87,10.31,10.59,10.59,1644400
2014-10-30,10.1,10.22,9.53,10.03,10.03,2075600
2014-10-31,10.22,10.32,10.06,10.16,10.16,841500
2014-11-03,10.16,10.22,9.76,9.92,9.92,1261700
2014-11-04,9.85,10.17,9.8,10.15,10.15,1003600
2014-11-05,10.19,10.24,10.11,10.16,10.16,1001900
2014-11-06,10.15,10.22,9.97,10.06,10.06,635000
2014-11-07,10.05,10.12,9.9,9.99,9.99,1218400
2014-11-10,9.95,10.04,9.77,9.86,9.86,932800
2014-11-11,9.91,10.0,9.76,9.77,9.77,575200
2014-11-12,9.71,9.94,9.61,9.82,9.82,738700
2014-11-13,9.79,9.93,9.56,9.64,9.64,745500
2014-11-14,9.68,9.85,9.62,9.65,9.65,742400
2014-11-17,9.61,9.74,9.51,9.58,9.58,693800
2014-11-18,9.6,10.13,9.5,10.01,10.01,1107500
2014-11-19,10.03,10.12,9.84,9.93,9.93,1515400
2014-11-20,9.86,10.15,9.86,10.12,10.12,668700
2014-11-21,10.15,10.15,9.51,9.54,9.54,2469600
2014-11-24,9.55,9.71,9.43,9.44,9.44,1252200
2014-11-25,9.5,9.66,9.49,9.56,9.56,792300
2014-11-26,9.66,9.81,9.61,9.69,9.69,1531700
2014-11-28,9.75,10.05,9.67,9.97,9.97,1000100
2014-12-01,9.97,10.14,9.89,9.94,9.94,1523300
2014-12-02,9.91,9.98,9.35,9.4,9.4,1700000
2014-12-03,9.44,9.58,9.3,9.51,9.51,1089500
2014-12-04,9.66,9.72,9.22,9.41,9.41,2056900
2014-12-05,9.25,9.9,9.25,9.8,9.8,6015400
2014-12-08,9.64,9.86,9.46,9.63,9.63,2088400
2014-12-09,9.55,9.9,9.5,9.7,9.7,2205000
2014-12-10,9.67,9.76,9.5,9.55,9.55,1171800
2014-12-11,9.58,9.73,9.55,9.63,9.63,965900
2014-12-12,9.63,9.7,9.52,9.6,9.6,1040800
2014-12-15,9.61,9.68,9.54,9.59,9.59,996500
2014-12-16,9.54,9.67,9.4,9.4,9.4,1023600
2014-12-17,9.43,9.66,9.4,9.62,9.62,903800
2014-12-18,9.72,9.72,9.46,9.6,9.6,1001500
2014-12-19,9.6,9.9,9.57,9.82,9.82,1491400
2014-12-22,9.81,9.88,9.7,9.84,9.84,725600
2014-12-23,9.84,10.14,9.78,10.01,10.01,888300
2014-12-24,10.0,10.1,9.93,10.09,10.09,446200
2014-12-26,10.03,10.07,9.9,9.91,9.91,489800
2014-12-29,9.88,10.03,9.64,9.71,9.71,757500
2014-12-30,9.71,9.9,9.68,9.74,9.74,721100
2014-12-31,9.73,9.81,9.47,9.47,9.47,1016000
2015-01-02,9.55,9.58,9.31,9.48,9.48,981100
2015-01-05,9.43,9.51,9.31,9.43,9.43,946800
2015-01-06,9.46,9.72,9.39,9.41,9.41,1198200
2015-01-07,9.51,9.94,9.49,9.93,9.93,1459400
2015-01-08,9.98,10.2,9.97,10.16,10.16,1621900
2015-01-09,10.13,10.35,10.02,10.29,10.29,1001800
2015-01-12,10.3,10.36,10.1,10.28,10.28,1021100
2015-01-13,10.32,10.35,9.93,10.21,10.21,916900
2015-01-14,10.06,10.16,9.96,10.07,10.07,550800
2015-01-15,10.13,10.2,9.8,9.9,9.9,999300
2015-01-16,9.87,10.1,9.86,10.02,10.02,672400
2015-01-20,11.0,12.04,11.0,11.67,11.67,9416200
2015-01-21,11.65,11.91,11.51,11.89,11.89,2637000
2015-01-22,12.0,12.2,11.85,11.97,11.97,2215300
2015-01-23,12.11,12.47,11.93,12.37,12.37,1907800
2015-01-26,12.41,12.55,12.21,12.46,12.46,1645700
2015-01-27,12.37,12.68,12.29,12.41,12.41,1160900
2015-01-28,12.46,12.46,12.02,12.23,12.23,1308400
2015-01-29,12.3,12.42,12.14,12.41,12.41,906700
2015-01-30,12.3,12.4,12.17,12.3,12.3,1293700
2015-02-02,12.31,12.47,12.16,12.46,12.46,1377500
2015-02-03,12.5,12.72,12.29,12.71,12.71,1181300
2015-02-04,12.66,12.88,12.63,12.75,12.75,1237700
2015-02-05,12.8,12.85,12.65,12.71,12.71,1099700
2015-02-06,12.68,12.78,12.3,12.44,12.44,958800
2015-02-09,12.41,12.55,12.25,12.44,12.44,725100
2015-02-10,12.48,12.74,12.41,12.62,12.62,956600
2015-02-11,12.62,12.65,12.44,12.5,12.5,453800
2015-02-12,12.51,12.84,12.45,12.83,12.83,804900
2015-02-13,12.8,12.85,12.52,12.63,12.63,773500
2015-02-17,12.6,12.75,12.56,12.71,12.71,494900
2015-02-18,12.62,12.79,12.57,12.68,12.68,557300
2015-02-19,12.61,13.0,12.6,12.72,12.72,686500
2015-02-20,12.67,12.8,12.61,12.78,12.78,592100
2015-02-23,12.74,12.87,12.67,12.83,12.83,822000
2015-02-24,12.84,13.0,12.67,12.75,12.75,776300
2015-02-25,12.73,12.92,12.54,12.89,12.89,807700
2015-02-26,12.91,13.75,12.89,13.7,13.7,1911800
2015-02-27,13.7,13.77,13.46,13.53,13.53,937200
2015-03-02,13.63,13.87,13.54,13.64,13.64,1273700
2015-03-03,13.67,13.7,12.88,13.05,13.05,2051900
2015-03-04,14.31,14.75,14.01,14.34,14.34,6468100
2015-03-05,14.45,14.48,14.04,14.4,14.4,1804200
2015-03-06,14.28,14.35,14.09,14.23,14.23,1145800
2015-03-09,14.23,14.29,13.87,13.97,13.97,996600
2015-03-10,13.82,13.83,13.33,13.67,13.67,1042400
2015-03-11,13.67,13.68,13.46,13.55,13.55,629600
2015-03-12,13.58,14.06,13.57,13.95,13.95,657100
2015-03-13,13.93,14.02,13.45,13.62,13.62,885500
2015-03-16,13.71,13.75,13.51,13.55,13.55,690800
2015-03-17,13.52,13.52,13.22,13.45,13.45,649600
2015-03-18,13.4,13.59,13.32,13.48,13.48,742600
2015-03-19,13.46,13.59,13.33,13.43,13.43,503000
2015-03-20,13.45,13.61,13.4,13.53,13.53,1339800
2015-03-23,13.55,13.62,13.26,13.27,13.27,748900
2015-03-24,13.23,13.41,13.2,13.29,13.29,580600
2015-03-25,13.29,13.29,12.99,12.99,12.99,694800
2015-03-26,12.95,13.19,12.63,13.0,13.0,780900
2015-03-27,12.98,13.39,12.91,13.15,13.15,576700
2015-03-30,13.11,13.33,12.88,12.89,12.89,880300
2015-03-31,12.84,12.99,12.63,12.73,12.73,1047200
2015-04-01,12.73,12.89,12.36,12.52,12.52,1175100
2015-04-02,12.5,13.06,12.5,12.96,12.96,716200
2015-04-06,12.85,13.19,12.8,12.93,12.93,542100
2015-04-07,12.91,13.16,12.85,13.03,13.03,1096400
2015-04-08,13.03,13.06,12.89,12.95,12.95,768600
2015-04-09,12.97,13.01,12.72,12.84,12.84,689600
2015-04-10,12.82,12.95,12.72,12.88,12.88,351700
2015-04-13,12.88,13.06,12.79,12.82,12.82,585500
2015-04-14,12.8,13.06,12.8,13.0,13.0,952800
2015-04-15,14.49,15.0,14.15,14.97,14.97,5931800
2015-04-16,15.0,15.2,14.58,15.01,15.01,2089100
2015-04-17,14.94,15.23,14.75,15.21,15.21,1352300
2015-04-20,15.21,15.3,14.91,15.03,15.03,905700
2015-04-21,15.1,15.14,14.64,14.8,14.8,769700
2015-04-22,14.77,14.82,14.45,14.68,14.68,640400
2015-04-23,14.7,15.0,14.64,14.91,14.91,1032100
2015-04-24,14.95,15.01,14.81,15.01,15.01,803600
2015-04-27,14.97,15.13,14.85,14.94,14.94,1045700
2015-04-28,14.99,15.03,14.86,14.96,14.96,727100
2015-04-29,14.82,14.94,14.68,14.9,14.9,662600
2015-04-30,14.89,14.98,14.73,14.87,14.87,883000
2015-05-01,14.82,14.99,14.65,14.96,14.96,998600
2015-05-04,14.98,15.22,14.86,15.19,15.19,945500
2015-05-05,15.2,15.37,14.88,14.88,14.88,1296300
2015-05-06,14.93,15.06,14.72,14.92,14.92,610500
2015-05-07,14.9,15.05,14.86,14.96,14.96,440200
2015-05-08,15.07,15.11,14.93,14.95,14.95,430800
2015-05-11,14.89,15.08,14.86,15.03,15.03,407100
2015-05-12,14.98,15.08,14.86,15.05,15.05,601400
2015-05-13,15.05,15.14,15.0,15.03,15.03,410600
2015-05-14,15.05,15.24,14.98,15.13,15.13,493700
2015-05-15,15.16,15.45,15.16,15.42,15.42,827500
2015-05-18,15.41,15.58,15.41,15.45,15.45,676500
2015-05-19,15.43,15.59,15.32,15.37,15.37,488900
2015-05-20,15.42,15.43,15.06,15.14,15.14,526700
2015-05-21,15.12,15.49,15.07,15.38,15.38,506500
2015-05-22,15.37,15.46,15.19,15.2,15.2,414600
2015-05-26,15.14,15.19,14.88,14.88,14.88,577800
2015-05-27,14.91,14.98,14.62,14.93,14.93,412100
2015-05-28,14.87,14.9,14.71,14.75,14.75,323900
2015-05-29,14.7,14.91,14.65,14.71,14.71,447400
2015-06-01,14.8,15.04,14.67,14.85,14.85,833300
2015-06-02,14.76,15.24,14.76,15.12,15.12,501500
2015-06-03,15.2,15.48,15.2,15.28,15.28,533200
2015-06-04,15.21,15.28,14.97,15.09,15.09,634700
2015-06-05,15.08,15.34,14.98,15.34,15.34,333000
2015-06-08,15.34,15.4,15.18,15.2,15.2,284500
2015-06-09,15.24,15.35,15.1,15.16,15.16,352400
2015-06-10,15.24,15.51,15.08,15.32,15.32,607400
2015-06-11,15.34,15.45,15.21,15.38,15.38,411900
2015-06-12,15.3,15.64,15.3,15.59,15.59,523800
2015-06-15,15.57,15.83,15.43,15.77,15.77,619900
2015-06-16,15.8,16.0,15.71,15.98,15.98,758500
2015-06-17,16.0,16.040001,15.75,15.78,15.78,775400
2015-06-18,15.88,16.219998999999998,15.85,16.1,16.1,1703400
2015-06-19,15.83,16.299999,15.21,16.18,16.18,3416000
2015-06-22,16.26,16.950001,16.110001,16.77,16.77,2646500
2015-06-23,16.83,16.98,16.32,16.77,16.77,1467800
2015-06-24,16.75,17.0,16.68,16.73,16.73,975800
2015-06-25,16.75,16.860001,16.65,16.709999,16.709999,732000
2015-06-26,16.959999,17.040001,16.719998999999998,16.799999,16.799999,1353300
2015-06-29,16.67,16.700001,16.469998999999998,16.48,16.48,656200
2015-06-30,16.559998999999998,16.67,16.4,16.59,16.59,618100
2015-07-01,16.700001,16.73,16.540001,16.66,16.66,816700
2015-07-02,16.700001,16.73,16.469998999999998,16.48,16.48,743800
2015-07-06,16.379998999999998,16.549999,16.209999,16.51,16.51,787100
2015-07-07,16.559998999999998,16.65,16.129998999999998,16.58,16.58,909000
2015-07-08,16.48,16.6,16.280001000000002,16.450001,16.450001,742500
2015-07-09,16.559998999999998,16.65,16.129998999999998,16.26,16.26,845500
2015-07-10,16.389999,16.469998999999998,16.200001,16.440001000000002,16.440001000000002,492700
2015-07-13,16.5,16.700001,16.440001000000002,16.530001000000002,16.530001000000002,592400
2015-07-14,16.52,16.719998999999998,16.469998999999998,16.52,16.52,461100
2015-07-15,16.540001,16.73,16.4,16.41,16.41,525300
2015-07-16,16.469998999999998,16.84,16.469998999999998,16.77,16.77,649200
2015-07-17,16.809998999999998,16.85,16.290001,16.35,16.35,563700
2015-07-20,16.43,16.59,16.27,16.48,16.48,577500
2015-07-21,16.440001000000002,16.6,16.280001000000002,16.35,16.35,442900
2015-07-22,16.25,16.48,16.23,16.42,16.42,326200
2015-07-23,16.379998999999998,16.379998999999998,16.110001,16.27,16.27,599200
2015-07-24,16.17,16.280001000000002,15.73,15.81,15.81,837000
2015-07-27,15.67,15.87,15.56,15.84,15.84,474600
2015-07-28,15.89,16.120001000000002,15.56,16.08,16.08,626600
2015-07-29,16.110001,16.129998999999998,15.66,16.0,16.0,557500
2015-07-30,15.92,16.23,15.89,16.07,16.07,460300
2015-07-31,16.040001,16.450001,15.94,16.219998999999998,16.219998999999998,444400
2015-08-03,16.18,16.370001000000002,15.52,15.57,15.57,958300
2015-08-04,15.5,15.83,15.45,15.79,15.79,700000
2015-08-05,15.85,16.719998999999998,15.85,16.639999,16.639999,1013200
2015-08-06,16.639999,16.809998999999998,16.450001,16.51,16.51,786000
2015-08-07,16.5,16.6,16.32,16.41,16.41,572200
2015-08-10,16.530001000000002,16.76,16.48,16.6,16.6,688100
2015-08-11,16.610001,16.870001000000002,16.610001,16.719998999999998,16.719998999999998,663100
2015-08-12,16.65,16.99,16.42,16.9,16.9,499600
2015-08-13,16.99,17.26,16.799999,16.969998999999998,16.969998999999998,605900
2015-08-14,16.91,17.08,16.73,17.07,17.07,442000
2015-08-17,17.09,17.33,17.0,17.290001,17.290001,572900
2015-08-18,17.35,17.35,16.969998999999998,16.99,16.99,473900
2015-08-19,16.9,17.040001,16.540001,16.709999,16.709999,566400
2015-08-20,16.66,16.92,16.48,16.48,16.48,607300
2015-08-21,16.209999,16.68,15.9,16.49,16.49,1163800
2015-08-24,14.94,15.51,14.71,15.51,15.51,1389900
2015-08-25,16.0,16.200001,15.32,15.38,15.38,905800
2015-08-26,15.65,16.09,15.48,15.95,15.95,670400
2015-08-27,16.1,16.34,15.81,16.219998999999998,16.219998999999998,1032600
2015-08-28,17.25,18.15,17.030001000000002,18.030001000000002,18.030001000000002,5069000
2015-08-31,18.1,18.440001000000002,17.969998999999998,18.08,18.08,1981700
2015-09-01,17.780001000000002,18.74,17.75,18.379998999999998,18.379998999999998,2403400
2015-09-02,18.75,18.83,18.139999,18.34,18.34,1741300
2015-09-03,18.440001000000002,18.540001,18.110001,18.33,18.33,1099900
2015-09-04,18.17,18.440001000000002,18.139999,18.16,18.16,764000
2015-09-08,18.440001000000002,18.74,18.25,18.6,18.6,1315400
2015-09-09,18.790001,19.02,18.700001,18.74,18.74,1421800
2015-09-10,18.76,19.219998999999998,18.76,18.879998999999998,18.879998999999998,864900
2015-09-11,18.879998999999998,18.959999,18.59,18.780001000000002,18.780001000000002,688800
2015-09-14,18.879998999999998,19.0,18.74,18.969998999999998,18.969998999999998,954400
2015-09-15,18.969998999999998,19.01,18.25,18.41,18.41,1195400
2015-09-16,18.49,19.0,18.42,18.73,18.73,700900
2015-09-17,18.639999,18.76,18.370001000000002,18.4,18.4,898600
2015-09-18,18.190001000000002,18.5,17.610001,17.66,17.66,1417500
2015-09-21,17.709999,17.889999,17.309998999999998,17.4,17.4,1170900
2015-09-22,17.309998999999998,17.469998999999998,17.16,17.4,17.4,874100
2015-09-23,17.51,17.73,17.4,17.549999,17.549999,589000
2015-09-24,17.370001000000002,17.73,17.25,17.639999,17.639999,554900
2015-09-25,17.870001000000002,17.92,17.51,17.559998999999998,17.559998999999998,650500
2015-09-28,17.469998999999998,17.540001,16.82,16.860001,16.860001,1040000
2015-09-29,16.950001,17.059998999999998,16.450001,16.84,16.84,792800
2015-09-30,16.879998999999998,17.059998999999998,16.700001,16.870001000000002,16.870001000000002,590900
2015-10-01,16.84,16.870001000000002,16.33,16.629998999999998,16.629998999999998,1014100
2015-10-02,16.52,16.74,16.370001000000002,16.6,16.6,1225500
2015-10-05,16.58,17.940001000000002,16.58,17.809998999999998,17.809998999999998,1425700
2015-10-06,17.860001,18.0,17.4,17.52,17.52,956900
2015-10-07,17.559998999999998,17.99,17.549999,17.639999,17.639999,796600
2015-10-08,17.59,18.200001,17.5,18.129998999999998,18.129998999999998,974400
2015-10-09,18.26,18.27,17.940001000000002,18.18,18.18,635400
2015-10-12,18.23,18.620001000000002,18.110001,18.43,18.43,822900
2015-10-13,18.59,18.93,18.299999,18.58,18.58,1236200
2015-10-14,18.66,18.84,18.5,18.559998999999998,18.559998999999998,1191200
2015-10-15,18.52,18.75,18.049999,18.74,18.74,1103900
2015-10-16,18.690001000000002,18.969998999999998,18.379998999999998,18.629998999999998,18.629998999999998,874500
2015-10-19,18.530001000000002,18.85,18.51,18.780001000000002,18.780001000000002,640800
2015-10-20,18.690001000000002,18.82,18.459999,18.700001,18.700001,469900
2015-10-21,18.790001,18.799999,18.309998999999998,18.33,18.33,700000
2015-10-22,18.34,18.5,18.110001,18.18,18.18,975200
2015-10-23,18.25,18.33,17.83,17.950001,17.950001,762500
2015-10-26,17.91,18.040001,17.66,17.76,17.76,633500
2015-10-27,17.75,18.0,17.58,17.700001,17.700001,387500
2015-10-28,17.690001000000002,18.16,17.66,18.129998999999998,18.129998999999998,687100
2015-10-29,18.139999,18.290001,17.93,18.190001000000002,18.190001000000002,554800
2015-10-30,18.139999,18.23,17.790001,17.860001,17.860001,698600
2015-11-02,17.879998999999998,18.1,17.469998999999998,17.91,17.91,762900
2015-11-03,17.860001,18.209999,17.549999,17.950001,17.950001,652100
2015-11-04,17.940001000000002,18.129998999999998,17.57,17.639999,17.639999,784700
2015-11-05,17.6,17.74,17.049999,17.379998999999998,17.379998999999998,829200
2015-11-06,17.360001,18.24,17.25,18.17,18.17,735200
2015-11-09,18.17,18.17,17.5,17.65,17.65,431900
2015-11-10,17.610001,17.959999,17.530001000000002,17.91,17.91,392100
2015-11-11,17.879998999999998,17.99,17.52,17.610001,17.610001,390400
2015-11-12,17.540001,17.780001000000002,17.290001,17.610001,17.610001,489200
2015-11-13,17.49,17.58,17.129998999999998,17.139999,17.139999,643800
2015-11-16,17.780001000000002,17.9,17.049999,17.49,17.49,876600
2015-11-17,17.540001,17.639999,17.26,17.32,17.32,547600
2015-11-18,17.33,17.99,17.280001000000002,17.700001,17.700001,855100
2015-11-19,17.719998999999998,17.74,17.360001,17.68,17.68,871700
2015-11-20,17.75,18.09,17.540001,17.969998999999998,17.969998999999998,851000
2015-11-23,18.030001000000002,18.4,17.93,18.27,18.27,726100
2015-11-24,18.26,18.82,18.01,18.65,18.65,886600
2015-11-25,18.700001,18.790001,18.379998999999998,18.549999,18.549999,513100
2015-11-27,18.58,18.690001000000002,18.389999,18.65,18.65,179000
2015-11-30,18.65,18.68,18.190001000000002,18.34,18.34,584900
2015-12-01,18.469998999999998,18.559998999999998,18.219998999999998,18.42,18.42,571800
2015-12-02,18.549999,18.6,18.18,18.33,18.33,1109800
2015-12-03,18.58,19.0,18.139999,18.360001,18.360001,1538200
2015-12-04,18.65,19.059998999999998,18.42,18.99,18.99,1583800
2015-12-07,19.690001000000002,20.620001000000002,19.1,20.440001000000002,20.440001000000002,6468300
2015-12-08,20.85,21.5,20.459999,21.389999,21.389999,6864000
2015-12-09,21.25,22.25,20.5,21.639999,21.639999,6203600
2015-12-10,21.719998999999998,23.33,21.719998999999998,23.0,23.0,7335500
2015-12-11,23.049999,23.459999,22.4,23.450001,23.450001,5012000
2015-12-14,23.790001,23.950001,23.27,23.780001000000002,23.780001000000002,3796900
2015-12-15,23.790001,24.059998999999998,21.120001000000002,21.42,21.42,6222300
2015-12-16,21.48,22.370001000000002,21.459999,21.950001,21.950001,2911100
2015-12-17,22.24,22.34,21.52,21.57,21.57,1699300
2015-12-18,21.309998999999998,21.700001,21.07,21.34,21.34,2240000
2015-12-21,21.65,22.049999,21.629998999999998,21.92,21.92,1253400
2015-12-22,21.950001,22.33,21.49,22.209999,22.209999,1535100
2015-12-23,22.219998999999998,22.33,21.77,22.040001,22.040001,1236700
2015-12-24,21.92,22.120001000000002,21.780001000000002,21.99,21.99,419300
2015-12-28,21.959999,22.110001,21.66,21.950001,21.950001,757100
2015-12-29,21.950001,22.57,21.9,22.24,22.24,929000
2015-12-30,22.27,22.549999,22.09,22.139999,22.139999,638300
2015-12-31,22.02,22.209999,21.82,21.98,21.98,1035700
2016-01-04,21.84,23.59,21.76,23.280001000000002,23.280001000000002,4198700
2016-01-05,25.59,26.540001,25.01,25.860001,25.860001,14973200
2016-01-06,25.360001,25.370001000000002,24.07,24.709999,24.709999,6161600
2016-01-07,24.16,25.299999,23.57,23.620001000000002,23.620001000000002,4101200
2016-01-08,24.110001,24.6,22.5,22.629998999999998,22.629998999999998,3279100
2016-01-11,22.709999,22.879998999999998,21.629998999999998,22.299999,22.299999,3147800
2016-01-12,22.35,22.709999,21.709999,22.620001000000002,22.620001000000002,2510300
2016-01-13,22.65,22.82,20.870001000000002,21.059998999999998,21.059998999999998,2345300
2016-01-14,21.059998999999998,21.25,20.33,20.82,20.82,2969100
2016-01-15,20.209999,20.67,19.799999,20.549999,20.549999,2570600
2016-01-19,20.74,21.040001,19.84,20.200001,20.200001,2096900
2016-01-20,19.790001,20.52,19.18,20.290001,20.290001,2205400
2016-01-21,20.290001,20.99,20.25,20.530001000000002,20.530001000000002,2322600
2016-01-22,20.74,21.07,20.59,20.799999,20.799999,1292700
2016-01-25,21.09,21.709999,20.639999,20.9,20.9,1775700
2016-01-26,21.0,21.280001000000002,20.610001,21.219998999999998,21.219998999999998,1238100
2016-01-27,20.9,21.15,19.959999,20.120001000000002,20.120001000000002,1472800
2016-01-28,20.370001000000002,20.530001000000002,20.01,20.42,20.42,1173200
2016-01-29,20.51,21.6,20.51,21.559998999999998,21.559998999999998,2174700
2016-02-01,21.450001,22.040001,21.18,21.68,21.68,2026900
2016-02-02,21.450001,22.09,21.309998999999998,22.02,22.02,1559800
2016-02-03,22.200001,22.24,21.25,21.639999,21.639999,1240100
2016-02-04,21.5,21.85,20.92,21.84,21.84,1480400
2016-02-05,21.68,21.99,21.379998999999998,21.4,21.4,1624400
2016-02-08,21.290001,21.33,20.4,21.290001,21.290001,1652900
2016-02-09,21.040001,21.76,20.860001,21.040001,21.040001,1826500
2016-02-10,21.16,22.08,21.15,21.85,21.85,1494000
2016-02-11,21.52,22.48,21.5,22.08,22.08,1820100
2016-02-12,22.280001000000002,22.879998999999998,21.68,22.84,22.84,1805300
2016-02-16,23.93,23.950001,23.17,23.51,23.51,2062900
2016-02-17,23.68,23.74,22.91,23.190001000000002,23.190001000000002,1880900
2016-02-18,23.299999,24.52,22.940001000000002,23.799999,23.799999,1954900
2016-02-19,23.629998999999998,24.02,23.23,23.610001,23.610001,1293100
2016-02-22,23.93,24.01,22.950001,23.27,23.27,1419400
2016-02-23,23.290001,23.889999,23.09,23.6,23.6,1057400
2016-02-24,23.48,24.15,23.24,23.940001000000002,23.940001000000002,1209500
2016-02-25,24.17,24.870001000000002,24.08,24.790001,24.790001,1912200
2016-02-26,25.0,25.299999,24.5,24.74,24.74,1329700
2016-02-29,25.219998999999998,25.950001,25.0,25.360001,25.360001,2386800
2016-03-01,25.549999,25.940001000000002,25.370001000000002,25.75,25.75,2541000
2016-03-02,25.77,25.879998999999998,24.65,25.280001000000002,25.280001000000002,2727900
2016-03-03,25.530001000000002,25.620001000000002,24.92,25.4,25.4,2418100
2016-03-04,26.799999,27.99,25.780001000000002,27.049999,27.049999,11963200
2016-03-07,27.0,27.0,24.950001,25.940001000000002,25.940001000000002,4831900
2016-03-08,25.67,27.34,25.540001,26.889999,26.889999,3551000
2016-03-09,27.16,28.49,27.110001,28.24,28.24,4089500
2016-03-10,28.629998999999998,28.65,27.41,27.92,27.92,2784100
2016-03-11,28.15,28.25,27.610001,28.110001,28.110001,1619900
2016-03-14,28.26,28.719998999999998,28.1,28.370001000000002,28.370001000000002,1780700
2016-03-15,28.209999,28.559998999999998,28.02,28.129998999999998,28.129998999999998,1498200
2016-03-16,28.0,28.559998999999998,27.799999,28.52,28.52,1417900
2016-03-17,28.549999,29.52,28.370001000000002,29.370001000000002,29.370001000000002,2378100
2016-03-18,29.610001,30.440001000000002,29.18,29.280001000000002,29.280001000000002,3102200
2016-03-21,28.950001,29.860001,28.620001000000002,29.24,29.24,2165600
2016-03-22,29.5,29.59,29.129998999999998,29.23,29.23,1613600
2016-03-23,29.4,29.68,29.02,29.049999,29.049999,1357400
2016-03-24,28.85,28.9,26.1,26.52,26.52,5354500
2016-03-28,26.959999,27.889999,26.6,26.92,26.92,3350400
2016-03-29,26.940001000000002,27.469998999999998,26.370001000000002,27.33,27.33,2318700
2016-03-30,27.450001,27.5,26.559998999999998,27.0,27.0,2484400
2016-03-31,26.889999,27.15,26.559998999999998,26.620001000000002,26.620001000000002,1415100
2016-04-01,26.5,27.77,26.35,27.76,27.76,2832200
2016-04-04,25.91,25.92,22.450001,22.780001000000002,22.780001000000002,14233900
2016-04-05,22.809998999999998,23.76,22.809998999999998,23.35,23.35,4730500
2016-04-06,23.549999,24.110001,23.290001,23.49,23.49,2887500
2016-04-07,23.379998999999998,23.879998999999998,23.219998999999998,23.690001000000002,23.690001000000002,2025400
2016-04-08,23.799999,23.84,23.02,23.280001000000002,23.280001000000002,1809500
2016-04-11,23.299999,23.440001000000002,22.83,22.860001,22.860001,1774600
2016-04-12,22.809998999999998,22.959999,22.290001,22.700001,22.700001,2429700
2016-04-13,22.75,22.98,22.33,22.639999,22.639999,2047700
2016-04-14,22.559998999999998,22.91,22.25,22.66,22.66,2073600
2016-04-15,22.620001000000002,22.690001000000002,21.799999,21.969998999999998,21.969998999999998,2962800
2016-04-18,21.620001000000002,22.379998999999998,21.389999,22.32,22.32,1937600
2016-04-19,22.42,22.5,22.01,22.26,22.26,1205700
2016-04-20,22.200001,22.440001000000002,22.200001,22.24,22.24,1109800
2016-04-21,22.299999,22.32,21.799999,21.85,21.85,975600
2016-04-22,21.9,22.459999,21.799999,22.4,22.4,1145200
2016-04-25,22.25,22.389999,22.059998999999998,22.18,22.18,919700
2016-04-26,22.129998999999998,22.5,22.01,22.370001000000002,22.370001000000002,1409200
2016-04-27,22.35,22.66,22.16,22.48,22.48,1437000
2016-04-28,22.280001000000002,22.469998999999998,21.870001000000002,21.93,21.93,1055600
2016-04-29,21.93,22.0,21.58,21.83,21.83,1172500
2016-05-02,21.799999,23.08,21.75,22.84,22.84,2123000
2016-05-03,23.5,23.5,22.5,23.17,23.17,2316200
2016-05-04,23.02,23.209999,22.25,22.66,22.66,1494900
2016-05-05,22.67,23.02,22.450001,22.870001000000002,22.870001000000002,944000
2016-05-06,22.77,22.799999,21.889999,22.16,22.16,1710400
2016-05-09,22.23,23.299999,22.1,23.120001000000002,23.120001000000002,1586900
2016-05-10,23.16,23.33,22.75,23.08,23.08,1010200
2016-05-11,22.950001,23.0,22.530001000000002,22.76,22.76,1220400
2016-05-12,22.76,22.93,22.6,22.85,22.85,747200
2016-05-13,22.82,23.040001,22.58,22.719998999999998,22.719998999999998,562600
2016-05-16,22.67,23.18,22.620001000000002,23.07,23.07,699800
2016-05-17,22.959999,23.139999,22.43,22.6,22.6,923500
2016-05-18,22.52,22.799999,22.16,22.43,22.43,691900
2016-05-19,22.389999,22.940001000000002,22.33,22.879998999999998,22.879998999999998,780000
2016-05-20,22.93,23.15,22.82,23.15,23.15,871000
2016-05-23,23.15,23.360001,23.049999,23.07,23.07,819600
2016-05-24,23.15,23.959999,23.15,23.799999,23.799999,1171300
2016-05-25,23.860001,24.0,23.51,23.74,23.74,1196700
2016-05-26,23.82,24.379998999999998,23.75,24.26,24.26,1065900
2016-05-27,24.26,24.33,23.799999,24.0,24.0,1043300
2016-05-31,24.07,24.43,24.01,24.370001000000002,24.370001000000002,882600
2016-06-01,24.309998999999998,24.790001,24.209999,24.6,24.6,1476000
2016-06-02,24.5,24.6,24.190001000000002,24.41,24.41,1273400
2016-06-03,24.379998999999998,24.790001,22.389999,22.68,22.68,5329700
2016-06-06,22.74,22.969998999999998,21.360001,21.540001,21.540001,3904500
2016-06-07,21.59,21.700001,21.110001,21.52,21.52,2224800
2016-06-08,21.5,22.379998999999998,21.15,21.73,21.73,2355000
2016-06-09,21.690001000000002,22.540001,21.5,22.01,22.01,2508000
2016-06-10,21.799999,22.139999,21.299999,21.41,21.41,1454300
2016-06-13,23.4,23.889999,22.5,22.879998999999998,22.879998999999998,8265100
2016-06-14,23.34,23.35,21.389999,21.860001,21.860001,4767400
2016-06-15,21.889999,22.09,21.42,21.48,21.48,2572200
2016-06-16,21.82,21.98,21.309998999999998,21.75,21.75,4370500
2016-06-17,24.110001,24.15,23.049999,23.65,23.65,11673200
2016-06-20,23.950001,24.5,23.66,24.209999,24.209999,4060600
2016-06-21,24.299999,24.84,24.120001000000002,24.76,24.76,2814400
2016-06-22,24.790001,25.700001,24.76,25.48,25.48,3068100
2016-06-23,25.74,25.83,25.110001,25.33,25.33,2276000
2016-06-24,24.07,25.92,23.889999,25.84,25.84,3960900
2016-06-27,25.84,26.379998999999998,25.23,25.610001,25.610001,2912900
2016-06-28,25.639999,26.24,25.620001000000002,26.059998999999998,26.059998999999998,1749800
2016-06-29,26.450001,26.690001000000002,26.23,26.66,26.66,2250900
2016-06-30,26.75,27.33,26.639999,27.18,27.18,2061800
2016-07-01,27.209999,27.940001000000002,26.84,27.77,27.77,2854800
2016-07-05,28.139999,28.200001,27.459999,27.799999,27.799999,2851300
2016-07-06,27.799999,28.389999,27.690001000000002,28.33,28.33,2079000
2016-07-07,28.299999,28.52,28.040001,28.290001,28.290001,1823900
2016-07-08,29.75,29.75,28.74,29.07,29.07,4906400
2016-07-11,29.549999,29.6,28.799999,29.35,29.35,3001500
2016-07-12,29.209999,29.49,27.309998999999998,28.58,28.58,3884900
2016-07-13,28.01,28.74,28.0,28.42,28.42,1560100
2016-07-14,28.5,28.889999,28.23,28.440001000000002,28.440001000000002,1829800
2016-07-15,28.709999,28.93,27.360001,28.35,28.35,2582000
2016-07-18,28.76,29.27,28.629998999999998,28.780001000000002,28.780001000000002,2278100
2016-07-19,28.700001,28.879998999999998,28.440001000000002,28.76,28.76,1294100
2016-07-20,28.709999,29.120001000000002,28.639999,28.73,28.73,1116100
2016-07-21,28.74,28.860001,28.370001000000002,28.469998999999998,28.469998999999998,1198000
2016-07-22,28.43,28.85,28.0,28.65,28.65,964000
2016-07-25,28.75,29.459999,28.75,29.370001000000002,29.370001000000002,1947400
2016-07-26,29.540001,30.4,29.5,29.790001,29.790001,2486700
2016-07-27,29.950001,30.16,29.73,29.83,29.83,1706200
2016-07-28,29.82,29.879998999999998,29.280001000000002,29.48,29.48,1191100
2016-07-29,29.440001000000002,29.799999,28.700001,29.450001,29.450001,2065600
2016-08-01,29.77,30.59,29.700001,30.360001,30.360001,2094300
2016-08-02,30.370001000000002,30.48,29.629998999999998,29.799999,29.799999,1253700
2016-08-03,29.620001000000002,29.9,28.950001,29.73,29.73,1719900
2016-08-04,29.67,30.15,29.52,29.58,29.58,1176000
2016-08-05,29.67,30.0,29.620001000000002,29.719998999999998,29.719998999999998,948000
2016-08-08,29.9,30.059998999999998,29.32,29.540001,29.540001,1170200
2016-08-09,29.52,30.01,29.469998999999998,29.719998999999998,29.719998999999998,928900
2016-08-10,29.809998999999998,30.09,29.610001,29.879998999999998,29.879998999999998,893500
2016-08-11,29.84,31.190001000000002,29.83,29.879998999999998,29.879998999999998,1540800
2016-08-12,29.799999,30.16,29.58,29.68,29.68,1136700
2016-08-15,29.780001000000002,30.040001,29.34,29.43,29.43,1313800
2016-08-16,29.299999,29.42,28.6,28.83,28.83,1396500
2016-08-17,28.690001000000002,28.860001,28.16,28.530001000000002,28.530001000000002,1239800
2016-08-18,28.459999,28.879998999999998,28.41,28.809998999999998,28.809998999999998,766600
2016-08-19,28.809998999999998,28.84,28.469998999999998,28.530001000000002,28.530001000000002,675900
2016-08-22,28.5,28.690001000000002,28.200001,28.6,28.6,820000
2016-08-23,28.620001000000002,29.09,28.559998999999998,28.82,28.82,1142000
2016-08-24,28.700001,29.43,28.51,29.25,29.25,1259700
2016-08-25,29.5,29.969998999999998,29.4,29.83,29.83,1752000
2016-08-26,30.0,30.08,28.57,28.84,28.84,2739600
2016-08-29,28.91,29.82,28.870001000000002,29.43,29.43,1893900
2016-08-30,29.83,30.040001,29.299999,29.58,29.58,1817000
2016-08-31,29.5,29.620001000000002,27.690001000000002,28.15,28.15,3892500
2016-09-01,28.700001,29.59,28.4,29.58,29.58,4362600
2016-09-02,29.1,29.25,27.08,27.690001000000002,27.690001000000002,10286600
2016-09-06,27.99,28.09,27.290001,27.959999,27.959999,3849500
2016-09-07,27.84,28.040001,27.610001,28.030001000000002,28.030001000000002,2292500
2016-09-08,27.91,28.0,27.76,27.889999,27.889999,1805100
2016-09-09,27.620001000000002,28.15,27.540001,27.540001,27.540001,2302400
2016-09-12,27.25,27.389999,26.549999,26.92,26.92,3101000
2016-09-13,26.790001,26.98,26.549999,26.709999,26.709999,1758900
2016-09-14,26.620001000000002,27.08,26.469998999999998,26.610001,26.610001,2384300
2016-09-15,26.639999,27.32,26.530001000000002,27.32,27.32,1412100
2016-09-16,27.32,27.34,26.9,27.33,27.33,1647700
2016-09-19,27.66,28.190001000000002,27.610001,27.969998999999998,27.969998999999998,2114000
2016-09-20,27.969998999999998,27.99,27.290001,27.309998999999998,27.309998999999998,1560200
2016-09-21,27.33,27.82,27.32,27.799999,27.799999,1475400
2016-09-22,27.85,27.969998999999998,27.34,27.610001,27.610001,1575100
2016-09-23,27.559998999999998,27.84,27.5,27.559998999999998,27.559998999999998,901900
2016-09-26,26.5,26.6,25.379998999999998,25.530001000000002,25.530001000000002,5491900
2016-09-27,25.639999,26.139999,25.360001,25.860001,25.860001,2595300
2016-09-28,25.799999,26.0,25.690001000000002,26.0,26.0,1511400
2016-09-29,25.940001000000002,26.09,25.73,25.82,25.82,1386200
2016-09-30,25.940001000000002,26.690001000000002,25.860001,26.59,26.59,1729700
2016-10-03,26.370001000000002,26.74,26.370001000000002,26.58,26.58,1708700
2016-10-04,27.25,27.25,25.870001000000002,26.24,26.24,1851900
2016-10-05,26.26,26.57,26.129998999999998,26.16,26.16,917600
2016-10-06,25.35,25.51,24.58,25.209999,25.209999,3814200
2016-10-07,25.139999,25.530001000000002,24.610001,25.33,25.33,1896000
2016-10-10,25.41,25.75,25.27,25.59,25.59,1273200
2016-10-11,25.51,25.540001,24.98,25.030001000000002,25.030001000000002,1185700
2016-10-12,25.0,25.59,24.93,25.290001,25.290001,789700
2016-10-13,25.17,25.58,25.049999,25.379998999999998,25.379998999999998,910800
2016-10-14,25.48,25.84,25.299999,25.309998999999998,25.309998999999998,901400
2016-10-17,25.5,26.25,25.450001,25.969998999999998,25.969998999999998,1610800
2016-10-18,26.17,26.370001000000002,25.860001,26.25,26.25,1491600
2016-10-19,26.280001000000002,26.58,26.02,26.5,26.5,872200
2016-10-20,26.6,26.780001000000002,26.41,26.639999,26.639999,1028800
2016-10-21,26.51,26.610001,26.219998999999998,26.59,26.59,909800
2016-10-24,26.76,26.91,26.4,26.799999,26.799999,688500
2016-10-25,27.120001000000002,27.120001000000002,26.59,26.690001000000002,26.690001000000002,978600
2016-10-26,26.559998999999998,26.780001000000002,26.190001000000002,26.27,26.27,866100
2016-10-27,26.48,26.51,25.52,25.73,25.73,1323500
2016-10-28,25.700001,26.18,25.65,25.709999,25.709999,866300
2016-10-31,25.92,26.450001,25.610001,26.43,26.43,889000
2016-11-01,26.4,26.48,25.780001000000002,26.059998999999998,26.059998999999998,1645100
2016-11-02,26.25,26.58,26.15,26.32,26.32,1496700
2016-11-03,26.4,26.82,26.26,26.690001000000002,26.690001000000002,964500
2016-11-04,26.809998999999998,28.049999,26.75,27.24,27.24,2488500
2016-11-07,28.17,28.200001,27.700001,27.85,27.85,2077100
2016-11-08,28.1,28.57,27.889999,28.450001,28.450001,2127700
2016-11-09,25.25,26.209999,23.5,24.120001000000002,24.120001000000002,11319300
2016-11-10,24.51,24.799999,21.92,21.98,21.98,8834900
2016-11-11,22.24,22.66,21.02,21.24,21.24,5493200
2016-11-14,21.9,23.59,21.5,23.58,23.58,5666200
2016-11-15,23.74,24.459999,23.190001000000002,23.66,23.66,3072000
2016-11-16,23.75,24.370001000000002,23.5,23.99,23.99,2000600
2016-11-17,24.32,24.74,24.219998999999998,24.4,24.4,1871800
2016-11-18,24.530001000000002,25.01,23.959999,24.129998999999998,24.129998999999998,2117800
2016-11-21,24.16,24.92,23.93,24.139999,24.139999,2913700
2016-11-22,24.049999,24.23,23.66,24.01,24.01,2328900
2016-11-23,23.83,24.16,23.280001000000002,23.51,23.51,2260900
2016-11-25,23.450001,23.9,23.370001000000002,23.82,23.82,932400
2016-11-28,23.59,24.049999,22.879998999999998,23.879998999999998,23.879998999999998,2130500
2016-11-29,23.950001,24.6,23.93,24.0,24.0,1930500
2016-11-30,24.040001,24.110001,23.059998999999998,23.33,23.33,2350600
2016-12-01,23.389999,24.17,23.08,23.98,23.98,3370200
2016-12-02,22.219998999999998,22.4,21.02,21.1,21.1,8927400
2016-12-05,21.450001,21.6,20.5,20.93,20.93,4384600
2016-12-06,21.059998999999998,21.129998999999998,20.719998999999998,20.889999,20.889999,3344900
2016-12-07,20.77,20.879998999999998,20.459999,20.549999,20.549999,2537800
2016-12-08,20.59,21.530001000000002,20.41,21.23,21.23,2910300
2016-12-09,21.49,21.65,20.84,21.07,21.07,1817100
2016-12-12,20.93,21.610001,20.92,21.09,21.09,1742300
2016-12-13,21.35,21.49,21.07,21.26,21.26,1812200
2016-12-14,21.299999,21.799999,21.17,21.200001,21.200001,1853500
2016-12-15,21.16,21.5,21.07,21.15,21.15,1465300
2016-12-16,21.200001,21.629998999999998,21.17,21.59,21.59,2240700
2016-12-19,21.66,21.9,21.530001000000002,21.809998999999998,21.809998999999998,1543300
2016-12-20,21.93,22.139999,21.809998999999998,21.969998999999998,21.969998999999998,1417300
2016-12-21,22.0,22.209999,21.98,22.01,22.01,863200
2016-12-22,21.969998999999998,21.98,21.299999,21.6,21.6,1282700
2016-12-23,21.6,22.17,21.52,22.110001,22.110001,1162700
2016-12-27,21.41,21.93,21.35,21.559998999999998,21.559998999999998,2313100
2016-12-28,21.540001,21.700001,21.049999,21.110001,21.110001,1604900
2016-12-29,21.110001,21.450001,21.049999,21.33,21.33,1025000
2016-12-30,21.34,21.49,21.059998999999998,21.08,21.08,1662400
2017-01-03,21.190001000000002,21.6,21.0,21.51,21.51,1046700
2017-01-04,21.110001,21.4,20.809998999999998,20.9,20.9,2258900
2017-01-05,20.690001000000002,21.24,20.620001000000002,21.23,21.23,1460900
2017-01-06,21.09,21.190001000000002,20.77,21.0,21.0,1387000
2017-01-09,21.0,21.139999,20.85,21.0,21.0,941500
2017-01-10,20.99,21.0,20.459999,20.58,20.58,1581200
2017-01-11,20.559998999999998,20.58,20.02,20.309998999999998,20.309998999999998,1344300
2017-01-12,20.309998999999998,20.719998999999998,20.07,20.620001000000002,20.620001000000002,1378300
2017-01-13,20.68,20.93,20.43,20.6,20.6,1097300
2017-01-17,20.5,20.83,20.32,20.719998999999998,20.719998999999998,1224500
2017-01-18,20.719998999999998,20.780001000000002,20.26,20.459999,20.459999,1592900
2017-01-19,20.34,20.65,20.049999,20.26,20.26,1308000
2017-01-20,20.219998999999998,20.42,20.110001,20.129998999999998,20.129998999999998,966400
2017-01-23,20.08,20.219998999999998,20.01,20.120001000000002,20.120001000000002,1009400
2017-01-24,20.0,20.799999,19.889999,20.74,20.74,1819600
2017-01-25,20.799999,20.940001000000002,20.52,20.889999,20.889999,1076700
2017-01-26,20.940001000000002,20.940001000000002,20.66,20.799999,20.799999,1085100
2017-01-27,20.73,20.75,20.33,20.58,20.58,827600
2017-01-30,20.4,20.57,20.0,20.200001,20.200001,975700
2017-01-31,20.33,21.84,20.33,21.299999,21.299999,3948000
2017-02-01,21.02,21.370001000000002,21.02,21.24,21.24,1408000
2017-02-02,20.950001,21.18,20.5,20.52,20.52,1732900
2017-02-03,20.549999,20.77,20.030001000000002,20.120001000000002,20.120001000000002,1882000
2017-02-06,20.120001000000002,20.23,19.92,20.0,20.0,1331300
2017-02-07,20.02,20.120001000000002,19.469998999999998,19.610001,19.610001,1650500
2017-02-08,19.549999,20.360001,19.370001000000002,20.290001,20.290001,1535400
2017-02-09,19.52,20.219998999999998,19.27,19.67,19.67,1802200
2017-02-10,19.68,20.200001,19.66,20.07,20.07,1169000
2017-02-13,19.790001,19.83,18.809998999999998,19.23,19.23,2521200
2017-02-14,19.15,19.469998999999998,19.09,19.219998999999998,19.219998999999998,1108500
2017-02-15,19.120001000000002,19.219998999999998,18.76,18.84,18.84,1802400
2017-02-16,18.58,19.49,18.200001,19.4,19.4,2425700
2017-02-17,19.389999,19.41,19.08,19.219998999999998,19.219998999999998,976800
2017-02-21,19.139999,19.530001000000002,19.139999,19.23,19.23,1032500
2017-02-22,19.15,19.440001000000002,19.110001,19.33,19.33,748800
2017-02-23,19.43,19.68,19.34,19.4,19.4,972200
2017-02-24,19.299999,19.5,19.17,19.450001,19.450001,1160000
2017-02-27,19.42,19.799999,19.33,19.73,19.73,1208600
2017-02-28,19.58,19.76,19.379998999999998,19.440001000000002,19.440001000000002,1591900
2017-03-01,19.4,19.59,19.059998999999998,19.450001,19.450001,1793800
2017-03-02,19.34,19.66,19.309998999999998,19.379998999999998,19.379998999999998,2103600
2017-03-03,18.120001000000002,19.200001,17.5,18.83,18.83,5734100
2017-03-06,18.629998999999998,19.07,18.34,19.040001,19.040001,3252900
2017-03-07,18.91,19.27,18.9,19.139999,19.139999,2269600
2017-03-08,19.059998999999998,19.629998999999998,18.969998999999998,19.59,19.59,1891300
2017-03-09,19.549999,19.59,19.139999,19.200001,19.200001,2536100
2017-03-10,19.190001000000002,19.639999,19.15,19.52,19.52,1913900
2017-03-13,19.5,19.73,18.940001000000002,19.129998999999998,19.129998999999998,2346700
2017-03-14,19.16,19.35,18.950001,19.200001,19.200001,1318100
2017-03-15,19.32,19.48,19.129998999999998,19.43,19.43,1505300
2017-03-16,19.48,19.559998999999998,19.35,19.549999,19.549999,966100
2017-03-17,19.469998999999998,19.65,19.34,19.450001,19.450001,1431100
2017-03-20,19.360001,19.549999,19.26,19.41,19.41,935900
2017-03-21,19.4,19.48,19.08,19.200001,19.200001,1701700
2017-03-22,19.129998999999998,19.18,18.67,18.77,18.77,1793300
2017-03-23,18.719998999999998,18.98,18.57,18.879998999999998,18.879998999999998,995000
2017-03-24,18.91,18.950001,18.620001000000002,18.73,18.73,891000
2017-03-27,18.540001,18.65,18.42,18.559998999999998,18.559998999999998,889400
2017-03-28,18.5,18.76,18.459999,18.75,18.75,975100
2017-03-29,18.84,19.33,18.83,19.190001000000002,19.190001000000002,1904400
2017-03-30,19.309998999999998,19.73,18.940001000000002,19.639999,19.639999,1984600
2017-03-31,19.66,19.92,19.360001,19.809998999999998,19.809998999999998,1224200
2017-04-03,19.74,20.950001,19.700001,20.450001,20.450001,3065800
2017-04-04,20.440001000000002,20.549999,19.59,19.690001000000002,19.690001000000002,1788700
2017-04-05,19.700001,20.15,19.700001,20.1,20.1,1308000
2017-04-06,20.040001,20.59,20.030001000000002,20.559998999999998,20.559998999999998,1521200
2017-04-07,20.549999,20.75,20.379998999999998,20.629998999999998,20.629998999999998,1506700
2017-04-10,20.690001000000002,21.219998999999998,20.6,21.219998999999998,21.219998999999998,2030000
2017-04-11,21.25,21.93,21.25,21.91,21.91,3082700
2017-04-12,21.879998999999998,21.99,21.18,21.190001000000002,21.190001000000002,1352400
2017-04-13,21.200001,21.4,20.719998999999998,21.16,21.16,1258200
2017-04-17,21.1,21.360001,21.049999,21.33,21.33,628000
2017-04-18,21.23,21.25,21.07,21.190001000000002,21.190001000000002,691000
2017-04-19,21.16,21.35,21.1,21.200001,21.200001,763800
2017-04-20,21.290001,21.6,21.16,21.290001,21.290001,933200
2017-04-21,21.27,21.389999,21.040001,21.15,21.15,829500
2017-04-24,21.219998999999998,21.379998999999998,20.719998999999998,21.07,21.07,1077500
2017-04-25,21.059998999999998,21.280001000000002,20.98,21.26,21.26,837400
2017-04-26,21.209999,21.690001000000002,21.0,21.610001,21.610001,1048800
2017-04-27,21.65,21.9,21.58,21.889999,21.889999,814000
2017-04-28,21.85,22.26,21.85,22.15,22.15,2055600
2017-05-01,22.219998999999998,22.5,21.32,21.969998999999998,21.969998999999998,1902700
2017-05-02,22.0,22.18,21.799999,22.040001,22.040001,1094700
2017-05-03,21.969998999999998,21.969998999999998,21.33,21.5,21.5,1019000
2017-05-04,21.440001000000002,21.700001,21.01,21.43,21.43,877000
2017-05-05,21.450001,21.66,21.33,21.469998999999998,21.469998999999998,1412500
2017-05-08,21.43,21.469998999999998,21.01,21.030001000000002,21.030001000000002,804200
2017-05-09,21.690001000000002,22.92,21.5,22.110001,22.110001,2202300
2017-05-10,22.1,22.530001000000002,22.0,22.5,22.5,915000
2017-05-11,22.200001,22.889999,21.98,22.77,22.77,1106000
2017-05-12,22.74,22.940001000000002,22.43,22.790001,22.790001,781200
2017-05-15,22.809998999999998,23.1,22.610001,22.65,22.65,1138400
2017-05-16,22.6,22.68,22.290001,22.360001,22.360001,514000
2017-05-17,22.26,22.48,22.139999,22.299999,22.299999,602500
2017-05-18,22.24,22.43,22.1,22.27,22.27,835700
2017-05-19,22.25,22.9,22.209999,22.879998999999998,22.879998999999998,729300
2017-05-22,22.91,23.129998999999998,22.530001000000002,22.610001,22.610001,968200
2017-05-23,22.68,22.799999,22.469998999999998,22.620001000000002,22.620001000000002,346200
2017-05-24,22.49,23.0,22.43,22.82,22.82,710700
2017-05-25,22.809998999999998,22.99,22.58,22.65,22.65,574200
2017-05-26,22.75,23.0,22.66,22.84,22.84,683500
2017-05-30,22.799999,22.92,22.530001000000002,22.68,22.68,587600
2017-05-31,22.690001000000002,22.75,22.389999,22.65,22.65,765000
2017-06-01,22.559998999999998,23.1,22.51,23.07,23.07,1096000
2017-06-02,23.139999,24.309998999999998,23.110001,23.74,23.74,1788100
2017-06-05,23.950001,24.040001,23.43,23.700001,23.700001,1148500
2017-06-06,23.559998999999998,23.9,23.33,23.83,23.83,506300
2017-06-07,23.77,23.91,23.67,23.76,23.76,635000
2017-06-08,23.68,24.0,23.68,23.75,23.75,537300
2017-06-09,23.68,23.99,23.66,23.969998999999998,23.969998999999998,565800
2017-06-12,23.879998999999998,24.24,23.879998999999998,24.18,24.18,883900
2017-06-13,24.219998999999998,24.25,23.85,23.99,23.99,567100
2017-06-14,24.26,24.450001,23.9,24.450001,24.450001,903000
2017-06-15,24.450001,24.450001,23.889999,24.07,24.07,548900
2017-06-16,23.92,24.190001000000002,23.77,24.07,24.07,1125800
2017-06-19,24.209999,24.49,24.08,24.309998999999998,24.309998999999998,526200
2017-06-20,24.35,24.35,23.1,23.129998999999998,23.129998999999998,1069000
2017-06-21,23.23,23.67,22.940001000000002,23.59,23.59,1549600
2017-06-22,23.5,23.74,23.309998999999998,23.370001000000002,23.370001000000002,946600
2017-06-23,23.440001000000002,23.82,23.34,23.700001,23.700001,732400
2017-06-26,23.809998999999998,23.809998999999998,23.190001000000002,23.26,23.26,826000
2017-06-27,23.24,23.370001000000002,22.879998999999998,22.950001,22.950001,734900
2017-06-28,22.99,23.620001000000002,22.99,23.540001,23.540001,1495400
2017-06-29,23.620001000000002,24.200001,23.360001,23.940001000000002,23.940001000000002,2563300
2017-06-30,21.75,23.200001,21.41,22.16,22.16,7073700
2017-07-03,21.940001000000002,22.25,21.51,21.709999,21.709999,2190800
2017-07-05,21.66,21.809998999999998,20.83,21.299999,21.299999,2073400
2017-07-06,21.209999,22.530001000000002,20.959999,22.1,22.1,1852300
2017-07-07,22.16,22.24,21.35,21.49,21.49,1129500
2017-07-10,21.459999,22.209999,21.309998999999998,21.75,21.75,906000
2017-07-11,21.610001,21.959999,21.309998999999998,21.6,21.6,1398800
2017-07-12,21.700001,21.74,21.07,21.09,21.09,1077900
2017-07-13,21.0,21.27,20.709999,21.049999,21.049999,1027800
2017-07-14,21.1,21.41,21.040001,21.33,21.33,657300
2017-07-17,21.299999,21.74,21.17,21.690001000000002,21.690001000000002,735700
2017-07-18,21.65,21.65,21.15,21.27,21.27,1228000
2017-07-19,21.35,21.450001,21.17,21.25,21.25,485300
2017-07-20,21.26,21.49,21.1,21.25,21.25,466500
2017-07-21,21.379998999999998,21.379998999999998,20.639999,20.809998999999998,20.809998999999998,789700
2017-07-24,20.780001000000002,20.780001000000002,20.35,20.48,20.48,817500
2017-07-25,20.5,20.92,20.43,20.48,20.48,581900
2017-07-26,20.52,20.799999,20.42,20.76,20.76,715800
2017-07-27,20.77,20.84,20.5,20.540001,20.540001,898700
2017-07-28,20.48,20.67,20.219998999999998,20.450001,20.450001,593100
2017-07-31,20.379998999999998,20.83,20.370001000000002,20.67,20.67,594800
2017-08-01,20.610001,21.209999,20.52,21.01,21.01,1033700
2017-08-02,21.0,21.18,20.790001,21.040001,21.040001,632400
2017-08-03,20.280001000000002,20.809998999999998,19.809998999999998,19.9,19.9,1699500
2017-08-04,20.0,20.0,19.459999,19.690001000000002,19.690001000000002,1082400
2017-08-07,19.65,19.84,19.49,19.59,19.59,686300
2017-08-08,19.52,19.73,19.219998999999998,19.280001000000002,19.280001000000002,781600
2017-08-09,19.290001,19.33,19.040001,19.290001,19.290001,737200
2017-08-10,19.33,19.51,19.02,19.17,19.17,718000
2017-08-11,19.129998999999998,19.4,19.09,19.200001,19.200001,691100
2017-08-14,19.219998999999998,19.32,19.02,19.129998999999998,19.129998999999998,511400
2017-08-15,19.059998999999998,19.129998999999998,18.33,18.43,18.43,1180800
2017-08-16,18.440001000000002,18.6,18.34,18.4,18.4,550000
2017-08-17,18.4,18.870001000000002,18.33,18.57,18.57,1168500
2017-08-18,18.49,19.040001,18.440001000000002,18.780001000000002,18.780001000000002,1208700
2017-08-21,18.85,19.1,18.6,18.780001000000002,18.780001000000002,943300
2017-08-22,18.799999,18.83,18.01,18.040001,18.040001,1790400
2017-08-23,18.040001,18.200001,17.790001,17.84,17.84,939200
2017-08-24,17.870001000000002,18.07,17.75,17.76,17.76,994700
2017-08-25,17.77,18.15,17.639999,18.08,18.08,825000
2017-08-28,17.969998999999998,17.969998999999998,17.66,17.780001000000002,17.780001000000002,745900
2017-08-29,17.76,17.82,16.93,16.98,16.98,1773200
2017-08-30,16.950001,16.98,16.24,16.51,16.51,2271500
2017-08-31,16.51,16.59,16.309998999999998,16.32,16.32,1011600
2017-09-01,16.33,16.76,16.25,16.52,16.52,1056000
2017-09-05,16.52,16.67,16.0,16.309998999999998,16.309998999999998,1267100
2017-09-06,16.4,16.959999,16.25,16.940001000000002,16.940001000000002,1212300
2017-09-07,16.91,17.309998999999998,16.77,16.940001000000002,16.940001000000002,2093300
2017-09-08,13.88,14.94,13.74,13.92,13.92,10293200
2017-09-11,14.04,14.75,13.28,13.31,13.31,4603300
2017-09-12,13.35,14.17,13.29,14.01,14.01,2606500
2017-09-13,14.14,14.49,13.86,14.35,14.35,2295300
2017-09-14,14.21,14.39,13.89,14.01,14.01,1731800
2017-09-15,14.03,14.33,13.94,14.26,14.26,2185100
2017-09-18,14.31,14.37,14.16,14.26,14.26,980500
2017-09-19,14.25,16.9,14.19,15.7,15.7,6127100
2017-09-20,15.89,16.120001000000002,14.64,14.89,14.89,5119300
2017-09-21,14.88,15.29,14.71,15.16,15.16,1703700
2017-09-22,15.11,15.28,14.81,15.01,15.01,2095600
2017-09-25,15.45,15.65,14.88,15.32,15.32,1633800
2017-09-26,15.33,15.53,15.16,15.41,15.41,1216200
2017-09-27,15.4,15.79,15.31,15.78,15.78,1284300
2017-09-28,15.77,15.97,15.4,15.45,15.45,1118700
2017-09-29,15.53,15.59,15.23,15.25,15.25,1128900
2017-10-02,15.99,16.5,15.55,15.74,15.74,4066800
2017-10-03,16.200001,16.49,15.55,16.120001000000002,16.120001000000002,3313300
2017-10-04,16.4,16.49,15.91,16.110001,16.110001,2497800
2017-10-05,16.25,16.32,15.86,16.030001000000002,16.030001000000002,1223900
2017-10-06,16.0,16.01,15.63,15.7,15.7,1060200
2017-10-09,15.7,15.8,14.89,14.94,14.94,1987400
2017-10-10,14.88,14.96,14.66,14.67,14.67,1186100
2017-10-11,14.6,14.81,14.21,14.35,14.35,1288700
2017-10-12,14.3,14.3,14.01,14.23,14.23,1742700
2017-10-13,14.2,14.38,14.04,14.1,14.1,647400
2017-10-16,14.05,14.24,13.81,14.2,14.2,1025000
2017-10-17,14.22,14.48,14.11,14.44,14.44,855600
2017-10-18,14.44,14.84,14.34,14.7,14.7,1172100
2017-10-19,14.64,14.86,14.54,14.82,14.82,838400
2017-10-20,14.89,14.97,14.63,14.9,14.9,711000
2017-10-23,14.86,14.97,14.31,14.5,14.5,974100
2017-10-24,14.59,14.65,14.33,14.57,14.57,1135200
2017-10-25,14.58,14.72,14.38,14.61,14.61,479400
2017-10-26,14.57,14.72,14.1,14.18,14.18,691200
2017-10-27,14.12,14.68,13.8,14.52,14.52,1337400
2017-10-30,14.48,14.6,14.21,14.38,14.38,740500
2017-10-31,14.35,14.4,14.18,14.33,14.33,794500
2017-11-01,13.98,14.93,13.95,14.44,14.44,2078000
2017-11-02,14.5,14.67,14.23,14.37,14.37,1194800
2017-11-03,14.41,14.47,14.06,14.26,14.26,1311800
2017-11-06,14.59,14.76,13.83,13.84,13.84,1695800
2017-11-07,13.85,14.14,13.8,14.01,14.01,1340800
2017-11-08,14.02,14.08,13.59,13.74,13.74,816200
2017-11-09,13.48,13.6,12.92,13.44,13.44,1812600
2017-11-10,13.39,13.82,13.26,13.59,13.59,649700
2017-11-13,13.55,13.91,13.31,13.35,13.35,744900
2017-11-14,13.3,13.31,12.87,13.12,13.12,1058500
2017-11-15,13.08,13.8,12.94,13.34,13.34,1272300
2017-11-16,13.33,13.66,13.28,13.35,13.35,952000
2017-11-17,13.32,13.65,13.31,13.49,13.49,1262600
2017-11-20,13.39,13.56,12.98,13.23,13.23,1051400
2017-11-21,13.25,13.44,13.11,13.44,13.44,665000
2017-11-22,13.44,13.59,13.4,13.48,13.48,771500
2017-11-24,13.57,13.58,13.26,13.28,13.28,349900
2017-11-27,13.31,13.8,13.3,13.73,13.73,1158200
2017-11-28,13.77,13.99,13.55,13.89,13.89,1278800
2017-11-29,13.89,14.44,13.87,13.99,13.99,1846000
2017-11-30,14.06,14.34,13.96,14.03,14.03,1816200
2017-12-01,13.98,13.98,13.32,13.6,13.6,1351100
2017-12-04,13.71,14.21,13.57,14.08,14.08,1312500
2017-12-05,14.11,14.35,13.38,14.3,14.3,1964700
2017-12-06,14.22,14.33,13.94,14.24,14.24,1328000
2017-12-07,14.55,15.22,14.49,14.93,14.93,4819700
2017-12-08,12.75,14.0,12.46,13.51,13.51,13369000
2017-12-11,13.55,14.19,13.42,13.79,13.79,3932400
2017-12-12,13.79,14.58,13.75,14.1,14.1,2808800
2017-12-13,14.19,14.4,13.45,13.6,13.6,2424600
2017-12-14,13.57,13.77,13.28,13.37,13.37,1421000
2017-12-15,13.42,13.64,13.31,13.58,13.58,1811700
2017-12-18,13.65,14.05,13.64,13.99,13.99,1625800
2017-12-19,13.97,14.08,13.57,13.65,13.65,1379100
2017-12-20,13.64,13.87,13.35,13.38,13.38,1130500
2017-12-21,13.53,13.6,13.17,13.23,13.23,1365100
2017-12-22,13.25,13.29,12.8,12.99,12.99,1952300
2017-12-26,12.97,13.29,12.97,13.28,13.28,1034600
2017-12-27,13.25,13.39,12.82,12.93,12.93,1253400
2017-12-28,12.92,12.98,12.64,12.93,12.93,1408300
2017-12-29,12.9,13.09,12.69,12.84,12.84,1262000
2018-01-02,12.93,13.45,12.87,13.35,13.35,1401500
2018-01-03,13.35,13.45,12.12,12.14,12.14,3384000
2018-01-04,12.14,12.37,11.83,12.34,12.34,2367700
2018-01-05,12.3,12.56,12.18,12.37,12.37,1091700
2018-01-08,12.36,12.36,11.95,12.09,12.09,1410900
2018-01-09,12.1,12.2,11.75,11.82,11.82,1306000
2018-01-10,11.79,11.97,11.7,11.9,11.9,942900
2018-01-11,11.94,12.28,11.89,12.15,12.15,1031700
2018-01-12,12.18,12.22,11.98,12.19,12.19,834800
2018-01-16,12.17,12.41,12.05,12.13,12.13,1172600
2018-01-17,12.15,12.31,11.94,11.97,11.97,1130500
2018-01-18,11.92,12.01,11.8,11.97,11.97,742000
2018-01-19,11.95,12.29,11.87,12.16,12.16,992400
2018-01-22,12.16,12.4,11.9,12.25,12.25,1454000
2018-01-23,12.28,12.42,12.05,12.39,12.39,942700
2018-01-24,12.4,12.62,12.34,12.47,12.47,918100
2018-01-25,12.51,12.55,12.18,12.3,12.3,524000
2018-01-26,12.34,12.78,12.22,12.66,12.66,1883500
2018-01-29,12.65,12.68,12.04,12.25,12.25,1187700
2018-01-30,12.17,12.27,11.92,12.08,12.08,1062600
2018-01-31,12.14,12.15,11.73,11.93,11.93,960400
2018-02-01,11.85,11.94,11.44,11.45,11.45,1372300
2018-02-02,11.42,11.46,11.11,11.19,11.19,1116000
2018-02-05,11.1,11.12,10.5,10.51,10.51,1905900
2018-02-06,10.33,10.66,10.24,10.61,10.61,1619100
2018-02-07,10.66,10.82,10.5,10.74,10.74,1106800
2018-02-08,10.82,11.0,10.54,10.78,10.78,1431000
2018-02-09,10.86,10.9,9.82,10.35,10.35,1786700
2018-02-12,10.36,10.42,10.07,10.22,10.22,1021600
2018-02-13,10.19,10.31,10.04,10.17,10.17,833200
2018-02-14,10.13,10.76,10.06,10.74,10.74,1384500
2018-02-15,11.19,11.22,10.47,10.9,10.9,1428200
2018-02-16,10.85,10.91,10.72,10.74,10.74,1015100
2018-02-20,10.81,10.85,10.15,10.18,10.18,1138600
2018-02-21,10.17,10.35,9.9,10.06,10.06,1870300
2018-02-22,10.12,10.85,10.12,10.12,10.12,1432400
2018-02-23,10.21,10.28,9.43,10.0,10.0,3271000
2018-02-26,9.99,10.0,9.61,9.71,9.71,2196700
2018-02-27,9.79,9.84,9.27,9.3,9.3,4443300
2018-02-28,9.26,9.43,8.87,9.0,9.0,3332300
2018-03-01,9.0,9.72,9.0,9.41,9.41,3477100
2018-03-02,8.32,9.84,8.32,9.75,9.75,7636400
2018-03-05,9.91,10.57,9.56,10.13,10.13,3982500
2018-03-06,10.21,10.73,10.01,10.64,10.64,2817100
2018-03-07,10.52,10.89,10.45,10.46,10.46,1832800
2018-03-08,10.46,10.63,10.39,10.57,10.57,1682200
2018-03-09,10.66,10.88,10.51,10.67,10.67,1293200
2018-03-12,10.64,10.88,10.35,10.62,10.62,1448100
2018-03-13,10.69,10.82,10.46,10.58,10.58,1022600
2018-03-14,10.6,10.76,10.51,10.56,10.56,1143200
2018-03-15,10.58,10.61,10.23,10.38,10.38,809200
2018-03-16,10.38,10.57,10.22,10.47,10.47,2442700
2018-03-19,10.42,10.6,10.2,10.43,10.43,1137900
2018-03-20,10.45,10.52,10.04,10.14,10.14,1409100
2018-03-21,10.11,10.38,10.06,10.26,10.26,886400
2018-03-22,10.12,10.33,10.03,10.05,10.05,1642800
2018-03-23,10.04,10.21,9.82,9.84,9.84,2336300
2018-03-26,9.96,10.06,9.34,9.61,9.61,2741900
2018-03-27,9.6,9.99,9.51,9.76,9.76,1152800
2018-03-28,9.77,10.11,9.75,9.89,9.89,1410500
2018-03-29,10.0,10.41,10.0,10.32,10.32,1230000
